1.066521,0.706245,1.000321,1.292513,0.515098,37.316433,4.569984,1.461836,0.882014,1.076388,1.452224,31.320229,7.447702,1.587996,2.212277,0.872982,1.548880,19.082565,1.720688,1.348563,2.734179,2.316058,5.921404,22.008162,6.926929,4.558818,1.850896,2.725171,7.896502,31.262589,17.594250,5.429658,2.580348,1.088979,1.481519,3.293933,2.270080,0.214903,0.567855,0.469323,1.634138,6.835943,3.448312,2.113687,0.642486,0.635121,0.430639,0.609404,1.408480,1.249997,0.457105,0.260183,0.532215,2.968458,4.042461,2.788925,2.145442,1.466480,2.183568,3.161537,4.380939,1.912985,2.154011
1.685933,2.316936,3.257007,5.416631,15.843068,22.216051,8.544291,4.051071,2.789005,3.693559,31.598061,14.703925,4.821493,5.206394,4.960441,6.932268,16.148306,0.323750,0.864932,0.993061,2.713376,9.262545,5.769338,3.504338,1.936941,2.243966,3.328416,25.732651,6.307505,2.138554,3.350367,1.650758,11.981960,13.179227,4.339717,2.971801,2.536447,2.630568,2.786556,0.782569,1.303411,1.202088,1.030510,2.347599,3.502859,0.464180,0.997628,1.078643,0.535642,0.306687,1.777278,1.098849,1.366997,1.029277,0.939171,0.882204,1.533891,1.282427,2.258505,1.710216,2.091792,0.957036,1.276668
0.488216,0.746136,0.514951,1.709801,6.916507,29.572163,9.097993,5.956466,6.208159,7.175594,15.483727,21.914509,8.214857,5.687469,4.312857,5.124806,11.955373,9.167848,7.945516,5.860973,4.790682,6.481874,17.741175,8.218050,0.893711,0.995876,2.759553,8.050234,38.445034,9.926574,10.136199,5.399811,4.291750,2.438328,4.476635,1.854550,1.408663,0.986009,1.094218,1.075809,5.236085,2.807054,0.987553,0.605012,0.090676,0.100285,0.751653,0.540626,0.810170,0.668471,0.709120,0.819998,1.611186,0.309651,0.561253,0.772206,0.847727,0.374639,1.814914,0.434661,0.307629,0.328401,0.813170
2.837058,3.459604,1.668278,2.591631,4.336780,31.788786,7.003298,2.591513,2.340598,2.778794,3.748850,28.752850,7.644496,2.332901,1.480279,2.096065,3.239513,9.813247,3.012080,1.861877,1.374495,2.349970,3.961101,12.966447,5.486107,3.702161,2.474632,3.201052,7.755757,16.270182,19.435787,6.436495,5.286272,3.618813,3.548900,3.597199,2.590429,0.384278,0.010514,0.243106,0.293412,2.252975,3.844212,1.568796,1.283710,1.104725,0.942399,0.316383,1.324255,0.847642,0.585993,0.417260,1.109809,1.590127,2.134280,2.763557,1.988656,2.493487,1.699914,2.492682,2.277812,0.281814,1.447233
0.660777,1.769065,4.016386,5.077074,9.814907,30.593781,10.734755,6.139203,6.931306,9.633921,31.693291,23.620665,8.061127,4.667365,5.615753,4.536211,18.199879,2.622631,1.434944,1.977037,3.212795,4.099625,16.872202,6.222663,3.777516,3.994620,5.666979,14.908432,26.052816,6.133514,3.564294,1.801626,1.437516,8.608335,4.251612,2.297733,2.795649,1.545387,2.944268,7.553177,2.531056,2.486127,0.453298,0.734045,0.986175,2.321646,0.280198,0.875354,0.766792,0.698869,2.145265,0.715042,2.691296,2.138810,1.733341,2.744979,3.346115,1.805480,1.587300,1.599921,0.695523,1.904557,2.105717
0.758122,3.175447,4.775819,6.724356,15.868810,25.993814,9.579352,5.275570,2.602868,7.859540,32.703133,21.245564,8.109316,6.954576,5.434266,7.705596,22.199799,4.017945,4.070436,2.056995,1.536756,5.677907,10.706608,8.394596,6.310692,6.926341,11.995604,22.504116,13.474962,5.355102,1.688730,2.537196,6.969109,14.518268,4.540104,2.925243,1.945486,2.790332,2.905037,3.019475,0.231775,0.176805,0.718954,0.996238,3.465061,1.036481,1.302931,1.786819,1.711614,1.078003,1.889438,0.593883,0.952167,1.619638,1.972116,2.398763,1.287346,3.748456,3.054638,1.669678,1.315471,0.994923,1.172504
3.895957,5.191849,5.161754,7.740494,21.858854,18.297558,6.568163,3.367211,0.994926,3.574594,39.341766,10.638997,3.951888,3.312907,4.429077,10.487939,12.140467,3.250872,2.361647,1.190418,3.275157,15.910277,2.302034,3.257076,3.471440,4.946898,14.246095,20.787018,10.747306,5.015750,3.816598,6.875642,9.513187,4.784687,2.110101,1.463987,1.746206,2.931732,2.177457,2.367546,1.476014,1.053668,1.114116,0.381120,1.494054,1.090249,0.824954,1.335846,1.535180,0.856227,1.490881,0.630925,0.752170,0.668650,1.224901,0.852548,1.138705,1.329064,1.794163,2.362146,0.932421,1.839850,0.888902
2.744973,4.460378,2.646487,5.226290,16.062130,18.290674,10.436615,6.673429,6.093476,8.798394,36.312904,9.509570,2.560035,2.761380,3.106515,7.623860,12.366929,1.536262,2.683164,3.352953,4.660305,12.532567,3.386049,3.687368,2.142081,2.477089,8.559556,17.853416,5.384675,1.982144,2.682311,7.251591,16.446760,8.990802,3.535645,1.391322,1.085767,2.504303,4.474443,1.862627,0.515672,0.233967,0.448406,1.906245,1.091905,1.346367,0.455060,0.383993,1.291326,0.711306,1.345445,0.728180,0.471972,0.554525,1.813691,1.631896,1.073689,1.595341,0.785997,1.029594,1.012435,0.833962,0.521800
1.129546,0.973499,2.148487,3.879590,8.946798,29.326683,12.119476,7.335904,7.025233,9.068303,26.596783,20.503380,7.243983,5.721532,3.065370,4.272440,16.955521,3.257849,3.064696,2.971726,2.296816,5.407240,15.550969,5.689730,3.245219,2.667101,5.222227,13.341512,27.646551,5.217270,8.350725,0.888220,2.670228,8.449159,4.734980,2.608645,2.136528,2.526994,3.047034,3.926584,2.496065,1.495013,0.905453,0.982653,0.340055,0.479091,0.535504,0.629172,0.614697,0.313126,0.844857,1.322821,1.389124,0.156713,0.649201,2.626802,1.817177,1.925575,1.144739,0.677868,0.922150,1.321294,0.761847
1.591528,1.228203,1.477427,2.599482,6.541730,30.113157,7.084476,3.614727,4.758598,8.347185,21.124531,24.650703,11.607110,4.413545,5.809053,6.827378,11.877246,4.664745,2.223240,0.491618,1.588402,2.906337,12.599281,5.123945,3.046523,0.941913,3.511286,7.869109,16.539324,5.882006,6.132570,1.679361,1.679860,6.751487,9.598629,4.060330,2.062381,1.252854,1.489357,1.768597,1.808213,0.848658,1.144624,1.723692,1.238792,2.182004,2.807772,1.511120,0.949425,0.955929,1.922882,1.183414,1.415531,1.408787,0.822410,3.708208,1.001420,2.251922,2.241725,2.190610,1.847078,0.723036,3.080001
4.130978,4.413872,4.398227,7.276702,18.405504,21.654520,8.083565,3.767528,1.021654,4.599416,34.640705,14.639855,7.579215,5.572948,4.847967,7.463322,12.519396,2.861707,2.726117,3.511872,6.681813,13.722318,5.452926,3.249103,1.793025,1.777573,6.975512,23.614792,7.549302,1.759927,1.596049,4.969168,8.831322,9.143723,2.365928,0.884809,0.445720,1.310178,3.703392,1.317122,0.808382,1.095206,0.983809,0.764021,0.400562,0.807112,1.004655,0.938733,1.100821,0.450387,1.300078,0.326203,0.980760,0.713565,0.375909,0.938126,0.544593,0.555461,1.127877,0.619867,0.930924,0.249171,0.786253
2.061088,3.045883,3.044315,5.253175,18.299644,13.309696,4.736051,3.563428,4.738893,4.670621,34.521328,5.798728,0.896045,0.971127,2.974932,11.100229,5.339197,3.071436,2.863473,3.033262,5.364140,13.154337,2.437276,1.876153,2.532147,4.803139,15.254002,3.417303,2.111485,0.866994,2.126420,10.325441,16.355721,6.697409,2.957069,2.144765,2.360415,3.354672,2.651312,1.130650,1.074150,0.989489,2.625899,3.260100,1.770638,1.536804,0.930814,0.819053,1.176230,1.162988,0.847178,1.486068,1.109003,1.112762,2.112178,3.748155,2.608959,2.375140,0.622026,1.943258,2.177637,1.616534,1.681522
1.244379,1.389622,3.466347,5.138444,23.805363,10.484266,6.046309,4.746182,4.752463,13.957090,31.559240,10.209002,4.236959,3.248462,3.462432,16.056278,4.428164,1.091379,1.923365,3.247082,10.922582,6.211689,2.163843,1.526463,0.952513,7.343256,16.732716,6.498370,6.002986,2.654441,3.751490,18.226610,4.356539,0.684017,1.812886,2.530688,5.557954,0.829128,0.353111,1.391336,1.717231,2.315310,1.633186,0.687967,0.844352,1.107980,0.700829,2.297692,0.954637,1.661730,0.879673,2.175773,1.290869,0.996215,1.061890,1.285895,1.991975,1.707538,0.572320,0.791316,1.839189,1.684682,0.437186
2.616418,2.517669,3.209179,4.447067,22.337658,11.094194,6.108952,5.393413,5.828643,11.418704,25.745964,5.715391,1.558178,1.143799,0.243162,14.900636,0.767041,2.116912,2.254200,2.694786,12.562390,9.135528,3.876945,2.376427,2.409917,7.184675,23.883913,6.186346,6.518068,4.045645,3.804265,13.289312,5.283579,3.431773,1.002792,1.357453,3.316174,2.337120,0.884590,0.743190,1.066328,1.601413,1.901763,0.643297,0.617234,0.332043,0.427912,1.111511,0.445842,0.396941,0.783511,1.446701,0.764464,0.805705,0.302355,0.274446,0.445336,0.698670,1.450513,0.753721,0.527880,0.728755,1.124264
0.499058,1.099413,1.692611,4.073295,19.115080,9.926263,6.083292,5.145562,7.581662,18.903502,19.990665,7.935770,3.027703,4.822142,5.289392,11.474340,3.555261,1.005481,1.666492,1.969594,15.926661,1.551917,2.217756,2.559529,4.535441,18.355284,5.975732,1.938262,2.542086,4.179113,12.095812,15.089324,6.820144,2.960223,3.125527,2.903744,2.067213,1.920299,2.352810,1.027946,2.031793,5.296499,2.502660,1.658371,0.455877,0.278541,0.988345,0.072120,0.939283,0.649809,0.528932,1.194871,2.835764,2.483514,0.856404,0.889036,0.946000,1.484543,0.775137,1.352828,1.248747,0.906104,1.036699
1.599905,3.994480,2.329279,5.317556,24.344099,9.339911,1.560660,2.039511,4.908066,14.641229,30.490631,13.329165,5.992142,5.023491,3.589091,14.945222,2.234420,0.182072,0.774118,1.675623,16.736795,6.259866,5.754824,3.269816,5.105509,11.007887,18.072275,6.117195,5.429779,5.894330,6.298256,22.721216,4.592731,3.979621,2.593485,2.697269,6.178820,2.513819,2.143172,2.187663,2.616720,4.589891,5.061852,1.276069,0.716707,1.645363,1.661646,0.922475,0.103345,0.868449,1.786439,1.963953,1.562232,2.847523,1.016039,2.677042,0.865791,3.106786,3.239050,0.780514,0.298830,1.484372,2.809927
7.120331,8.118756,6.710196,10.946834,29.319767,10.012220,0.856955,2.486217,5.206763,14.595160,35.441528,10.651742,3.917983,2.224056,2.853502,21.684628,4.028142,3.494181,2.915827,5.309206,17.635424,11.072298,5.027953,2.448934,4.416862,13.249926,31.328703,7.452238,2.645951,0.507306,3.388747,34.262054,8.540191,5.497069,2.980179,1.557358,3.547257,5.041880,2.748151,1.791800,0.962620,0.648452,5.772877,2.744021,0.832167,0.564366,0.855955,3.524028,0.696037,0.619167,0.863756,2.483701,2.775968,1.143072,1.531207,1.877910,2.074048,3.971435,2.563840,1.194305,0.096043,1.026920,2.138051
1.185379,0.124246,2.101019,4.600552,32.907837,9.199725,4.256617,4.001974,7.701984,23.662254,24.571430,12.716511,3.696906,0.748259,5.044365,17.287212,8.880723,4.988716,5.139808,9.976963,16.412653,10.325031,5.201274,6.119491,10.607795,18.190180,14.048158,8.649612,7.781353,13.001027,21.061110,23.877300,14.657157,6.067781,0.138957,5.237148,8.315008,4.466453,2.318239,1.374082,2.720801,3.494153,3.664641,1.629706,1.785166,2.829374,2.898218,1.362951,1.164130,0.390776,1.516450,2.869790,1.762414,0.826126,1.594741,2.411797,1.505032,3.214329,1.640281,0.785481,1.149201,0.178708,2.060620
1.720765,2.293402,3.669861,5.198329,24.256504,11.825112,5.178151,5.461515,6.571548,16.172606,25.742903,10.122612,3.283530,2.155606,2.045117,17.283066,2.476235,0.578586,1.371714,2.860674,14.841253,2.548964,2.558167,1.487921,2.306221,13.798323,18.958258,8.855210,5.718823,4.035432,3.967144,24.159300,8.283720,4.406841,1.973491,2.343352,6.554530,3.001024,1.568216,1.191636,1.382714,2.248888,3.054321,2.774021,1.591101,1.280707,1.170284,2.985842,2.222270,1.248763,0.734671,0.752813,3.070603,1.451000,2.004982,1.425781,2.868995,2.225220,3.879969,3.168229,1.361139,2.742015,1.546699
2.903250,3.142522,4.543472,4.682582,22.837555,10.658616,4.337685,4.839180,2.501478,9.463623,32.400707,11.511727,5.140976,5.238122,4.190022,19.870394,3.988296,1.514520,3.796238,5.457498,15.699667,7.142857,1.949560,0.099992,2.458546,8.735110,19.309795,5.916334,4.872135,4.467031,8.179937,29.355824,8.533607,7.410211,1.335768,1.087227,3.434026,4.359032,2.207674,0.908894,1.614940,3.699975,5.781605,2.282576,1.074994,0.541275,0.700538,0.343424,0.759235,1.515722,1.574953,1.389059,2.274011,1.625950,1.064267,1.316872,1.833084,1.463811,1.182129,0.489978,1.202558,1.657716,0.628408
1.139073,2.078143,2.569617,5.602600,25.207314,9.344615,6.247693,4.550615,4.491191,13.248322,27.448498,10.372073,4.996761,3.939207,3.457679,15.286812,1.279758,3.468279,2.141138,4.499663,15.093099,4.446416,4.280798,4.907021,6.084122,16.179121,17.861509,7.292159,6.426349,5.399464,11.356202,30.352787,7.010312,4.044477,1.176422,1.215592,7.347452,2.551344,1.246897,1.708379,1.478589,3.825483,3.322406,0.782222,0.700323,0.719160,0.988855,2.123605,1.385798,0.939630,0.936108,0.870197,3.752234,1.832883,3.003987,0.919683,2.222046,2.452145,2.396413,0.940132,1.967010,2.200117,0.957622
3.423677,2.118800,3.875926,5.119316,22.529123,9.814466,7.150360,8.158571,6.283986,14.437180,30.662577,10.071031,2.793836,4.230773,7.894927,13.543573,4.407322,5.015411,3.429916,4.225788,17.955141,4.856440,4.598994,3.843206,5.941285,11.159258,18.080124,9.459020,8.314798,6.688140,18.499393,28.050425,11.283390,6.640288,1.767092,4.767693,7.958627,2.834354,1.135846,0.430912,2.397930,5.303174,5.909114,3.742342,2.250292,1.671941,0.777727,0.776932,2.721874,2.356905,1.203883,4.567328,2.230032,4.238735,3.905663,1.519150,4.165716,2.612192,2.531861,5.050866,0.900895,1.936467,3.675720
0.915295,1.983343,0.794674,2.056577,19.614429,5.102888,3.949294,3.825666,5.398912,18.611874,4.877436,2.765301,1.293387,1.778670,9.025882,8.190852,4.443459,2.448798,3.530740,8.547242,9.352579,2.297769,1.449236,2.430107,4.661401,10.554042,5.453703,4.932213,2.736885,4.328534,13.402676,4.963249,0.885783,0.965384,1.181737,3.223472,2.306422,1.243109,0.913732,0.406867,3.237317,0.950769,0.904608,0.732099,0.613164,1.506759,1.136243,0.968020,0.376533,0.301241,0.621843,0.657063,0.956358,1.433000,1.713159,1.140106,1.098552,2.607356,1.097612,1.685916,3.293137,1.759670,0.690014
2.898031,2.693125,6.145393,9.760115,32.780457,12.116855,5.460806,3.966567,3.471184,16.053083,36.515728,13.332486,6.187183,6.765302,6.082916,25.946692,9.110771,3.936722,7.085288,8.322720,17.458454,11.091935,2.503886,4.907198,7.317564,12.349588,25.067610,14.436565,5.378048,0.482062,9.940725,23.985962,7.773433,1.894137,0.596689,2.039440,5.296651,1.710290,0.891447,0.054289,1.128369,1.960725,0.881289,1.556475,1.146647,1.128040,2.262785,1.383665,2.558953,2.073870,1.926560,1.864623,2.048972,2.377381,1.885575,1.436493,1.315950,1.154352,0.612833,0.505524,0.558970,1.840943,1.920589
0.193645,1.871635,4.486980,5.881913,15.219807,11.631795,5.234715,4.289814,5.283817,7.614956,33.888962,9.530473,1.289300,2.255148,2.618561,10.925741,5.494453,3.512123,2.947934,3.942462,6.374562,12.837335,1.941991,1.815283,0.994237,4.109057,18.973091,6.128909,3.708380,2.371574,2.913904,13.055105,18.180056,9.968914,3.493434,3.042262,2.796531,2.632625,1.478131,2.017958,0.554136,1.051212,5.622064,4.982131,2.218597,1.722422,1.624352,1.566875,2.672408,1.154413,1.432461,2.514538,1.908768,3.114579,1.124773,3.724661,2.410118,1.723601,0.633673,2.263635,0.451438,3.617534,2.221593
3.142625,3.482988,3.441371,6.491245,21.991068,12.762908,8.089499,6.426260,4.121145,7.902001,33.218327,7.797487,1.191862,1.894656,1.985455,8.902822,3.544348,3.666238,3.103349,4.325624,7.336832,6.741238,2.053008,1.812982,1.575645,5.192379,13.220906,4.603254,2.987510,3.353956,5.366914,10.448640,3.814344,3.422814,2.171502,1.334799,1.245539,2.298033,0.700506,0.702811,0.246237,0.127336,0.892186,0.639361,0.586939,0.207010,0.611955,0.624697,0.849858,0.265158,0.576290,0.990308,1.085875,0.449931,0.431618,1.174731,0.149307,0.831293,1.464210,0.405877,0.297487,0.335366,0.447415
1.353591,1.951847,3.784211,5.454548,21.504227,7.751943,3.273325,2.308579,3.669211,13.106844,15.005576,5.569979,4.419804,3.194640,6.144343,10.443644,2.077063,0.257555,1.335176,0.842057,12.766094,1.266722,0.143655,0.483724,2.308893,11.340179,6.364511,3.697792,4.188270,6.242838,12.161934,14.548062,4.334324,2.573816,1.750764,1.700125,4.113341,1.174341,1.062543,0.396200,0.310338,1.778254,0.568421,0.862296,0.189838,0.199180,0.602159,1.297625,1.513468,1.423562,0.714571,0.390688,1.013706,2.499599,1.300173,1.238929,0.336222,1.225408,0.609376,2.592430,0.354523,1.014991,2.200611
1.910721,1.658237,2.739390,3.712234,16.405249,8.411942,2.750475,2.298356,4.068932,10.750916,23.906189,8.740905,3.501627,2.107292,2.258220,7.686069,1.867504,2.230387,2.120868,2.799474,8.407449,4.421871,3.738357,1.888657,2.740235,4.061594,7.797876,2.428104,1.253542,0.754486,0.857658,7.595793,1.372834,1.898354,0.990232,1.035888,2.694243,1.303140,0.149936,0.233433,0.790375,0.628915,2.895050,1.143626,0.129092,0.247021,0.506004,1.059507,1.043082,0.318500,0.380481,0.247113,1.240430,1.062829,0.286288,0.603707,0.933373,1.741029,0.709793,1.016628,0.944204,0.639887,0.169989
5.585631,6.478335,4.647936,6.993160,22.142649,6.893136,0.583552,3.097263,5.662120,13.248599,23.292091,10.383976,3.196130,1.562674,1.493367,11.497034,1.617652,2.159169,1.853811,3.774298,10.435772,4.491122,1.895689,1.562240,1.938898,5.943402,12.167276,1.598386,2.575512,0.085957,2.250753,8.820782,0.690592,2.209109,0.618400,0.431229,2.256557,2.520042,1.356219,1.010257,0.683702,0.943805,0.098819,0.846920,0.382366,0.206618,0.870890,1.428348,0.512098,1.045455,0.555136,0.521508,0.805284,0.605585,1.065173,0.507602,0.678857,2.098814,0.662239,1.602891,0.328697,0.375260,0.522596
2.961737,3.356919,2.733524,4.505616,11.040191,16.527000,6.728438,5.306387,5.107258,6.884436,32.002529,13.889610,4.980394,2.948721,1.474305,0.414587,10.822263,2.249893,2.590355,2.409917,2.922054,8.884281,5.066864,3.761177,2.280193,2.082535,2.120458,12.658650,5.118997,1.543269,0.710486,0.153354,3.123489,6.502969,1.900566,0.917557,1.071244,1.325078,2.427660,0.936901,0.607867,0.349593,0.339675,0.491645,2.008089,0.412195,0.278840,0.329874,0.493805,0.585359,1.261844,0.712090,0.632984,0.283473,2.763316,1.261920,0.536469,2.165082,1.411428,1.898208,0.870016,0.620093,0.685812
1.153870,1.739103,3.396347,4.884522,18.467075,19.411921,6.519310,4.207730,2.783803,4.528264,43.634140,3.784386,3.159906,3.217790,3.421418,9.996585,9.412683,4.193648,2.081244,1.996755,0.837489,13.926579,3.616737,2.610510,3.255958,4.819323,12.865127,12.496421,3.774881,2.440059,3.591030,3.181260,26.290716,5.419812,1.586396,2.005739,2.109181,4.654819,4.755614,0.943135,0.451347,0.316010,0.959215,3.817974,0.480546,0.681178,0.539573,0.415461,1.492717,2.634713,1.247718,0.299817,0.215846,1.436383,1.725342,3.118139,1.073208,0.955769,1.770098,2.487340,1.599490,1.383036,1.649294
1.998885,2.385714,1.662765,0.817678,24.128609,2.865594,2.578406,2.297700,2.272898,26.606838,1.543596,0.316501,1.066783,1.604869,12.411863,3.374590,1.905807,1.574617,3.070331,13.374601,4.574158,2.299164,2.457002,3.020203,12.261190,2.373321,0.388425,2.047396,2.103747,18.102480,14.942656,7.375483,3.486857,3.993672,1.472287,5.015115,2.906183,2.566327,2.744277,5.169592,3.026329,0.369417,1.159637,1.880054,1.918294,1.887189,0.883637,1.087516,0.567151,1.427248,1.997456,1.099542,1.551238,1.856136,2.555262,2.874589,1.738584,1.527278,1.753361,1.570647,2.116127,1.167169,2.937698
2.028518,1.044326,3.863995,5.864233,24.565632,9.564917,2.345112,1.703656,3.162952,12.756894,18.343611,10.944110,5.232368,3.893207,0.355975,17.885319,5.493983,4.696637,4.162137,3.499077,16.056299,4.625100,3.522401,3.395394,4.724121,14.550002,11.823357,5.080338,0.454660,2.990268,5.931382,11.021350,4.323283,4.235531,1.203461,0.913483,2.111236,1.748515,0.922920,0.921301,1.303780,1.925043,0.949647,0.475678,0.710258,1.121394,0.914241,1.226095,0.854696,0.409836,0.615214,0.764006,1.617130,2.353209,0.661692,1.383044,0.719259,3.070507,1.927245,0.595192,1.305148,0.283438,0.230914
1.330529,1.271776,3.007874,3.476256,38.767315,8.969276,4.829368,4.472284,8.211828,38.652596,8.369989,4.431282,2.903798,3.314618,17.756041,11.789735,7.051553,5.931388,7.081396,19.566452,17.496519,5.012845,3.508782,6.999228,21.198847,25.221386,8.327069,0.087305,3.100080,19.296745,47.492756,14.312756,6.991708,5.711142,2.262707,13.679868,4.427400,3.977941,3.857953,2.633925,6.066646,3.710205,2.858947,2.403196,2.835532,3.524947,3.488814,2.648846,2.624188,2.321331,3.618613,1.726840,1.731436,1.394121,2.019778,1.405527,4.412729,3.541043,1.856851,3.052901,1.894544,1.629708,2.774289
6.834254,7.188026,5.923856,9.681737,36.301872,4.158935,2.939363,3.522906,7.558690,23.489563,18.844755,8.940995,3.538479,2.945400,7.688776,15.040280,3.597341,2.688904,1.949186,5.581823,17.675539,5.256459,2.097087,2.275124,6.290674,25.512676,6.640877,6.963658,5.101866,4.860812,14.350330,9.248118,4.525912,2.031761,1.160741,1.758097,2.624419,1.258886,0.938423,0.841083,0.814213,2.757855,1.262823,0.619121,0.557275,1.087681,1.954616,1.083552,1.279629,1.126709,0.444764,1.642812,2.425534,1.065485,0.204690,0.663438,0.870661,2.205031,1.370776,1.450911,0.492438,0.791895,1.773534
4.142527,4.899802,7.863914,8.241306,34.366779,4.228537,2.309398,2.990211,5.374714,22.151594,18.818075,10.174078,4.666515,3.317484,7.701159,15.829976,5.464375,3.809175,1.050207,2.546593,17.873119,6.744932,2.176735,2.394372,3.643122,27.498587,12.725472,6.062161,3.596119,4.807088,15.703718,9.865022,4.652911,2.400616,1.094194,0.540627,3.051564,1.137051,0.756360,0.793237,1.173245,3.431817,2.074540,0.575708,0.599376,0.242189,1.986701,1.514912,1.257925,0.449271,0.677324,1.431489,0.863690,1.315637,1.585446,0.436363,1.226100,0.253923,0.653470,1.244591,0.501323,0.579968,0.220042
1.583527,1.751757,1.573363,3.872289,21.213697,5.499781,0.769197,2.533392,5.092710,17.214907,12.017666,5.896257,5.535985,5.896183,7.462517,7.291913,3.391665,0.436813,2.278136,4.129751,16.249861,3.610339,2.719700,1.272541,1.799070,14.361787,3.312972,1.039727,0.978570,0.822333,12.423837,3.201463,1.583180,0.444055,0.588423,2.501878,0.843511,0.419084,0.458885,0.537821,1.073025,2.012316,0.936371,0.986751,0.951729,1.186562,0.248553,0.823288,0.917191,3.412351,0.673972,1.381274,0.618577,0.331865,0.918830,0.911924,1.848272,1.049618,0.487904,1.476778,1.543688,0.995374,0.448936
2.849805,1.859585,3.045367,4.777836,30.297552,4.773369,2.000650,4.268174,6.248578,26.326790,9.799180,8.485600,6.832797,4.414766,11.296377,6.517496,5.497481,3.621561,3.435026,8.860327,18.267555,5.626458,5.244040,5.155666,8.489087,17.568806,7.442014,3.473090,2.282619,7.721587,33.507153,9.846866,3.030852,1.448321,1.043045,7.127733,2.203569,1.141896,0.381312,1.531937,5.229025,3.551513,0.837029,0.853400,1.890317,1.995155,0.349174,0.816697,0.991155,2.418057,1.947230,2.197664,2.950707,2.988056,2.879631,1.265652,2.711569,1.353394,1.995932,1.755105,1.926934,1.537812,2.170128
1.707275,2.518752,3.878246,7.006331,29.972118,7.474830,3.838455,2.549588,4.266424,15.614750,26.558168,9.843454,6.480185,6.781197,4.255758,15.448249,3.102629,0.907774,0.496195,2.200906,16.818264,3.173947,4.169553,3.785398,5.660024,16.648680,16.731174,10.826342,8.178999,6.579812,13.542851,17.532465,7.214311,2.752144,1.660204,2.599687,4.829254,2.315364,1.718945,1.745360,1.838053,2.419233,2.708645,0.274039,0.569348,0.949783,2.984543,1.243268,1.273984,0.718157,1.699656,1.611889,1.439909,1.716213,1.031497,0.257732,1.048005,4.349586,2.931768,0.910522,0.385722,0.850250,1.247254
1.338972,2.199926,1.283842,2.240089,30.933830,7.136861,2.462208,4.873298,5.921842,29.025972,7.082006,6.468250,4.248138,3.172312,12.749741,8.034480,5.581368,5.927706,5.369117,11.236632,13.947960,2.804515,2.367306,3.231217,7.397181,17.675735,7.308430,5.293675,4.363712,11.144119,33.012871,6.923795,3.418950,2.664975,2.439379,7.016337,1.520119,1.025504,0.792388,1.157758,4.522369,1.091328,0.374004,0.756653,0.921051,2.132304,1.740321,0.225975,1.094320,1.131537,2.841962,0.745169,0.662871,0.806380,1.181226,3.952080,2.397291,1.436838,1.303384,0.636511,1.829527,1.626171,1.405558
1.675863,0.786668,1.564780,4.136076,32.840359,10.855966,8.328968,7.655450,8.987157,30.064632,18.414967,11.886779,4.112247,2.824467,12.268171,11.427191,8.497073,3.420879,3.170060,7.315390,25.243464,7.814191,1.639361,2.558929,7.702230,32.756828,11.844414,9.012150,2.692968,6.947640,29.824945,15.647265,14.035237,7.299119,4.568413,8.306436,1.854792,2.872389,3.380339,3.430479,2.739496,6.351868,2.813759,1.527547,2.064721,1.473541,3.490406,2.750123,2.245974,3.389918,4.734692,1.743409,2.123569,2.655520,2.537991,5.371330,2.925021,2.823263,1.522443,3.711548,2.982526,5.120533,2.903045
2.754775,2.039190,2.090117,2.965286,5.443921,36.631618,14.280241,4.614348,3.209149,3.914127,4.753440,22.993980,8.135489,1.447458,1.220310,2.116090,4.634093,14.554731,7.652711,5.123419,3.172660,3.986184,5.510555,11.812616,8.862247,3.526101,3.093730,2.224397,7.027983,10.779022,10.848136,11.543118,3.438509,3.939918,4.445035,3.735449,1.560331,3.485815,0.744045,0.415179,0.209796,2.961032,3.255481,3.590727,0.837639,2.178083,3.348911,2.952620,2.781481,2.448187,3.638070,5.251837,1.519195,3.143063,3.675611,0.554906,1.991507,2.455249,1.721038,2.766229,2.738500,1.331811,1.132188
1.059452,1.930982,2.949766,3.896557,11.424876,16.583126,7.184775,4.263089,4.461532,5.567742,28.457829,14.649684,5.675131,3.300932,2.095624,3.967222,15.006319,2.403499,0.490689,0.577384,2.419255,8.784233,10.522108,6.097883,3.264133,1.939375,3.005660,11.120873,10.616476,1.499849,3.093496,2.972028,8.770771,18.440153,1.623363,0.562603,0.771073,0.705385,0.949010,2.140161,1.480908,0.662749,0.782523,1.608173,1.472577,1.778562,0.611122,1.681276,4.060437,4.101299,2.474685,1.396044,1.013448,2.006111,2.377393,2.715292,2.001435,1.958601,1.230736,1.089409,3.022574,1.431550,1.034902
0.143959,0.466842,0.692926,3.834288,11.411681,10.862539,6.993814,4.350504,2.606441,4.344042,23.927027,7.212985,1.680810,3.095894,0.484623,5.228383,9.962962,5.149683,3.975309,2.303614,5.001481,9.754677,5.491287,1.705664,0.938324,1.624491,4.789372,5.856614,9.254377,3.444650,3.056456,4.463465,12.648388,9.547710,1.120495,1.865211,2.451743,3.761185,0.482627,0.350498,1.675009,0.399475,0.852645,3.470927,2.067826,2.018445,2.041872,2.430906,1.963897,1.935320,4.035199,1.402562,2.147374,1.034837,2.636060,1.218970,2.221826,2.254127,1.760375,3.324145,1.143039,2.181282,1.671583
1.449963,1.528809,1.439492,4.898481,17.911564,6.796441,3.368807,3.925975,4.129377,11.241955,19.147493,9.446936,3.840916,2.260765,2.746001,13.648603,2.067424,1.898266,0.560470,2.927731,11.944121,3.595893,4.363157,3.738824,4.132396,8.882126,9.108686,2.044185,7.687914,0.801766,4.894681,19.912706,11.660479,14.943270,1.109003,1.415542,5.372540,1.888903,1.571714,1.049323,1.282368,0.855372,1.459762,4.702425,1.047825,1.108869,2.652777,3.963557,1.658048,3.749732,2.842419,1.820825,3.100686,1.800557,1.047961,1.342268,2.124607,4.080062,3.210752,0.418443,1.733288,1.312551,2.020302
0.756527,0.847889,2.900699,3.681366,16.943899,7.274482,1.666816,1.672537,3.089011,9.644736,16.566778,8.386189,4.164594,2.908014,1.404407,16.786226,3.624465,3.277416,2.441719,4.057066,14.811091,1.589230,0.643326,1.684751,2.075412,9.522223,11.299727,6.045969,1.874586,2.069239,1.275595,18.868475,7.047620,5.628370,1.640220,1.503839,5.092272,1.382773,1.585980,1.452398,1.536399,2.629861,1.114239,2.213436,0.521932,1.126843,1.231951,1.075728,1.862527,1.444893,0.644432,3.519884,6.094856,4.021561,2.688060,2.533583,2.164423,6.016943,3.465656,0.776831,0.600236,0.395884,3.589284
3.289554,3.630307,4.047109,4.958452,16.704514,3.089805,1.731581,2.115225,3.862073,10.980587,10.607350,5.267904,2.173901,1.930174,3.424334,9.012580,2.265756,0.436603,0.981206,1.139187,11.161880,2.474986,0.969934,1.993087,1.987831,6.963000,3.687868,3.411095,2.721762,0.990128,5.615790,14.185609,4.083257,2.226440,1.714422,1.282699,3.815166,1.357881,1.330187,0.437842,0.606566,1.555822,0.793431,0.196175,0.924145,1.013137,0.903558,0.996000,1.351537,1.021361,0.734575,2.081946,1.635679,1.539182,0.657560,0.909577,1.941194,2.257960,1.745231,0.336423,0.394813,1.517430,1.422083
1.758706,1.447428,2.046858,2.261083,15.223251,8.461476,2.577939,3.184058,4.410581,10.468218,16.597754,6.563712,2.292998,0.985077,2.571901,13.131374,0.248714,0.574937,0.990412,2.034887,11.459638,4.360107,1.708381,1.236694,2.095631,7.234654,11.282934,4.814325,1.800004,2.422115,5.356113,15.212993,3.838626,4.809810,2.255287,1.825916,2.328411,3.278074,0.941449,1.097245,0.918817,2.660657,3.239266,1.067541,1.784906,2.082444,2.063132,3.323142,1.601953,1.593747,1.298609,2.576449,3.174194,0.751718,1.343269,0.325340,0.892676,1.498815,2.209520,1.600451,0.661192,0.192409,0.463455
1.084547,0.728409,2.100745,3.338442,13.917515,8.147439,3.274062,3.843791,4.972045,10.936485,16.362087,8.489717,3.526642,2.585407,3.742095,10.880613,2.083328,1.762100,1.075525,2.945209,13.866151,3.605393,2.442216,2.649998,5.228755,9.953143,8.671062,4.668670,1.353869,3.274127,7.325854,17.200155,6.717112,7.900126,2.364067,0.502142,3.477335,2.496760,1.228394,0.070086,1.623029,1.648677,3.814211,2.427368,2.123350,3.045781,1.918176,3.241318,2.918963,3.619262,3.977652,5.026186,2.219568,2.424994,2.503584,1.022792,3.799018,3.805063,1.502388,5.436558,1.153063,1.449359,3.512984
2.008180,1.714037,1.728916,2.166566,20.008684,2.936044,1.800458,1.899799,3.212657,14.734316,6.255950,1.779773,2.009081,3.171262,9.435866,8.832070,4.517064,3.036397,3.497152,6.574899,13.288934,3.732912,2.180056,2.784990,3.667482,12.391053,1.829924,1.371021,3.418058,2.667958,9.307989,5.573380,1.277757,1.687025,0.704091,3.537628,1.109261,0.083909,0.629110,0.284938,1.287008,0.480311,0.106025,0.781961,3.842573,3.315741,1.809303,0.808037,0.486331,2.092066,1.779602,0.478245,1.227225,0.586901,1.439894,2.867751,2.897227,1.114061,0.312360,1.194563,2.508119,1.534683,0.821688
0.398406,1.086216,0.866194,3.174848,13.406144,5.285027,2.312504,2.584194,3.482397,9.570146,11.353871,4.015514,1.899249,2.126647,1.071641,8.774988,2.905518,2.122978,2.121734,3.195008,15.876383,0.882996,0.382909,2.061188,1.969421,5.992661,0.709360,0.558824,2.015046,2.287374,8.083325,21.839066,4.254521,3.544444,2.726375,1.562920,7.651132,1.228663,1.448281,0.657630,1.840009,4.937104,1.183414,1.308415,1.785490,1.634588,0.501194,1.849212,4.333131,4.541171,2.900215,1.044890,2.446500,2.185230,0.839945,1.021453,1.214682,2.067468,1.403659,1.066991,2.062030,2.113032,3.065342
1.204677,1.689628,2.692589,2.900502,15.776516,7.134373,3.240505,3.197193,4.074458,10.859826,18.261089,8.654510,4.277766,2.505981,3.597171,8.919158,0.999824,1.281560,2.599408,3.120409,14.401801,3.896334,2.190853,1.584838,2.352325,7.530564,10.127583,4.165915,1.210970,1.754043,5.290002,28.595678,7.612844,8.270622,2.168135,1.250037,10.197378,4.908751,1.964315,0.423256,0.491908,3.077906,7.106539,2.173570,2.961921,1.120264,3.990436,7.136753,2.946615,1.491230,1.367980,2.787174,3.760841,1.482970,2.800286,2.566941,0.653368,3.466221,4.100282,1.376072,0.568014,1.331963,1.144725
2.677950,2.476325,3.268429,4.702370,18.219116,4.408699,5.008632,4.470345,5.612741,20.763073,15.393469,10.970149,3.953518,7.189994,7.582628,6.124313,2.684540,1.292384,1.978813,4.363824,14.682261,5.891173,1.916551,1.382667,2.800042,9.273129,4.492829,1.910196,2.227917,7.415195,20.648315,23.027355,12.103933,10.902205,5.552635,11.503088,6.839187,4.430378,2.384173,0.935973,1.788995,9.249643,9.299201,5.960283,2.492118,4.905623,0.874488,3.689282,4.658657,2.780503,5.341996,3.664310,7.461213,4.501892,2.753613,4.442706,3.647147,4.062725,4.055576,4.558305,1.108183,2.970688,2.342190
0.335728,0.738058,0.427938,1.717920,32.124649,3.132334,1.981742,2.255620,3.213548,27.486856,1.586197,0.581307,0.879215,2.456012,17.898069,5.826974,4.168816,2.542594,2.843954,14.071898,5.771812,2.918770,3.165955,3.750734,14.063357,8.199958,4.145913,3.444985,4.673005,17.228088,12.937340,5.328740,3.318883,0.610112,6.086810,8.512218,4.603846,2.953756,2.511683,1.895954,2.723231,1.577432,1.237074,1.846763,3.262126,4.902044,3.870412,1.375873,1.221453,1.053948,2.422252,1.589535,1.144852,0.752564,1.329102,3.219690,2.473629,1.179267,0.985302,1.029884,1.036867,2.592666,1.165977
0.413637,2.343548,3.203413,6.946081,25.118660,17.413996,9.706486,6.749960,5.138038,9.452337,44.500748,5.765174,3.552953,3.262633,3.906135,11.783689,9.687503,3.281861,2.164366,2.548233,8.312798,21.253931,6.639448,5.710456,5.362351,8.529426,18.719995,10.209528,3.180507,0.950070,6.837661,21.822184,24.623686,7.309270,4.420691,2.494174,3.520496,10.469014,4.257847,2.518119,1.105004,4.080804,6.899249,6.382603,1.879645,2.273844,0.999478,2.444205,2.878100,0.931037,2.061252,3.570934,0.613036,3.682743,3.294203,4.252435,2.335835,2.377558,2.407089,6.816010,2.120025,1.728307,4.356078
3.050231,2.998852,4.112486,6.062888,27.496153,12.179208,5.930290,2.909296,2.177958,5.899498,41.312607,8.122106,3.676346,1.375080,4.400471,11.928996,3.596174,1.362760,0.466679,2.152698,8.034123,13.481328,3.784087,2.185579,1.345501,5.443964,14.526694,6.494498,4.219994,4.692780,8.181552,19.630636,21.404587,6.465742,4.266920,2.361893,1.824385,5.818018,0.902973,1.274422,1.203919,2.605713,6.673180,4.263987,2.803414,3.502842,1.374147,2.878470,4.689352,3.654973,1.257241,1.727670,1.585543,2.114185,2.628815,4.281122,3.387681,1.029756,3.091116,4.674842,1.332078,0.300407,2.637491
2.446501,2.546087,2.733952,3.706611,20.544731,7.789720,4.314770,5.448448,6.549856,17.583570,22.262133,9.001631,2.164447,2.583753,4.469657,10.525828,3.413090,0.380792,1.895218,4.046299,15.400942,1.922131,1.831183,1.389697,2.915655,9.388907,6.392954,4.475845,3.925585,5.078907,16.139803,21.218086,8.018505,4.049434,1.585727,2.886532,6.886073,1.382878,0.845033,1.239184,3.218036,8.426002,3.937247,3.819941,0.735388,0.852442,1.724686,1.260479,3.713497,2.404936,1.779870,2.075083,3.886349,2.163655,0.910569,0.897036,0.597560,3.181263,0.301319,3.423776,1.329567,0.887646,3.126803
1.155104,0.131009,0.960035,1.572788,17.113302,4.600209,4.317428,3.697064,5.202934,14.945683,7.417211,0.999223,1.145883,1.807751,5.537101,9.857151,4.099895,2.454552,3.136122,4.211773,15.547149,2.317703,1.563135,1.504221,1.696167,11.122295,0.593002,0.484826,0.900246,0.582852,6.758686,6.652397,1.927073,0.669110,0.493333,1.599932,2.852192,0.717581,1.127948,1.197468,1.658484,1.621957,0.192028,0.408173,1.210638,0.520355,1.588988,0.642573,2.122402,1.785787,0.403162,1.210012,0.677318,1.577910,1.751938,0.665841,1.686967,1.468675,1.775075,1.544557,0.889403,0.579353,0.239860
0.835304,1.305014,2.181576,3.363440,15.393295,8.183197,3.256637,2.774946,3.562263,8.735924,13.884752,6.280470,2.848859,1.317332,1.254131,13.765457,0.900935,1.684910,1.107823,2.803910,11.456936,5.592444,1.236171,0.603026,0.609487,3.505152,8.549675,7.301776,2.750981,1.334844,1.998386,8.427913,1.451246,3.084906,1.023207,1.279406,1.685819,0.564884,0.735856,0.182772,0.349585,0.504647,1.182928,2.056509,0.908454,0.249199,0.587826,1.714280,1.661920,0.944947,0.286267,3.135239,1.552951,1.870988,1.328247,0.436367,1.250951,3.063045,0.741801,1.926416,0.494536,0.473781,2.660084
1.681184,1.700312,1.573135,2.867370,12.149693,5.550418,0.462841,0.690341,0.327952,2.763732,21.372189,8.598486,3.713839,2.084817,3.479310,10.203804,2.689757,2.728617,1.254427,4.117030,7.096942,9.123681,2.929114,1.307853,1.778714,3.407570,7.898765,5.473169,5.477532,3.449157,6.678723,7.952346,10.552008,12.397225,5.139630,2.177978,1.360813,4.086614,1.232953,1.258193,0.707082,2.177554,2.308198,3.356778,0.792300,1.263326,3.169103,3.328592,2.075589,1.539723,3.870883,1.991725,2.655083,2.405634,0.974645,2.396240,0.598650,1.627450,3.425394,0.613038,0.851048,1.437047,2.591312
0.775745,1.910960,0.875078,2.513988,11.111067,7.459670,0.737940,1.472294,1.659579,2.261292,23.311766,4.973172,2.633756,0.579220,4.260765,9.691788,5.474998,2.162790,2.226783,2.697788,4.270059,19.468626,3.384586,2.962433,2.144846,1.615202,11.507798,7.702629,13.592263,3.723445,3.373909,7.159422,10.857927,2.995247,0.172524,2.325843,1.229768,3.117105,1.130776,2.071010,1.493077,0.637470,1.716812,4.558937,2.052598,4.573107,2.570185,1.050839,1.531261,3.095732,3.827300,2.488896,1.486873,1.992267,2.211670,3.326233,3.846190,1.534825,0.830116,3.688293,1.921315,1.636854,1.671249
2.046702,0.726504,2.142542,4.779928,6.192215,9.728339,1.370456,1.345014,0.386709,3.887124,20.866232,1.855026,1.122854,2.607154,3.203577,7.861744,10.712071,1.965656,2.204135,1.476733,0.009550,11.686925,4.273868,1.776321,1.657776,3.962776,10.851421,19.859348,10.080165,3.134439,0.453495,0.298661,16.485004,2.984137,0.606805,0.997979,1.137825,3.782826,6.698021,2.129368,1.500933,0.750876,0.718966,2.614487,5.703928,1.619763,0.622272,1.700383,2.092233,1.828591,4.575914,0.993731,1.428900,0.705939,1.576827,1.192253,1.046440,0.716717,1.203535,1.266544,2.150213,1.578675,0.429297
0.724835,1.646304,2.781106,2.027688,6.080902,7.258116,5.977689,3.488266,3.607985,5.891615,21.607958,5.725404,1.239729,2.104728,1.609902,3.647210,7.264418,2.728915,2.438574,2.317383,3.245530,10.286693,0.881194,1.608405,1.390396,1.334720,2.481121,13.797953,19.034819,0.557858,4.027238,4.622532,12.876031,11.979874,7.869374,2.338133,0.529758,0.571938,6.001772,1.282183,1.503579,1.407677,1.370462,3.943619,4.152704,1.419647,1.782673,0.677162,1.536432,3.321501,3.095338,1.767412,3.725008,3.075581,2.715615,2.191873,1.151410,0.536349,1.030869,2.198053,1.458166,2.174811,1.972677
0.913970,1.512363,1.831862,2.129750,8.445930,5.227528,2.684903,1.300704,1.265084,1.652572,21.168379,5.703524,2.341205,1.347936,1.992526,5.631715,2.478436,1.093691,0.869559,0.717582,2.731963,10.448374,3.111473,2.270780,2.489308,3.909912,10.630127,3.756144,5.305097,4.244823,1.489729,2.988329,12.663584,5.330290,3.401799,1.669956,2.406959,3.833143,2.375362,0.065587,0.462235,1.356150,1.934005,2.155977,1.758430,2.064234,1.575324,1.795474,2.049822,3.519195,2.737860,2.005602,1.390641,1.075941,4.195980,2.396034,1.424334,2.158185,2.159753,1.708761,1.803594,1.155659,0.821948
1.865926,1.473522,0.714044,2.664126,10.054422,6.500597,1.306960,1.018047,1.502863,4.458968,19.983509,7.255847,3.065458,1.643888,2.961893,9.871491,0.626452,1.486867,2.697856,2.934758,6.913266,7.401988,3.111573,1.840556,1.394476,3.496061,14.081017,2.499991,0.485931,2.884741,4.113443,20.485056,10.594378,4.412182,5.099390,3.100894,3.983624,8.123144,3.018758,1.455101,0.909626,0.805402,3.348777,2.341862,2.114358,0.257522,8.243095,3.336343,1.054027,1.110041,4.712687,5.321607,2.156791,5.689787,2.858824,1.406540,2.708541,4.757617,4.557703,1.164613,0.454705,1.744599,3.269228
3.760473,2.214614,5.312292,5.651997,17.355940,9.811895,4.946075,3.224443,2.955694,4.817827,29.658360,5.190900,0.780083,2.292582,1.913928,10.589592,2.989288,3.151116,1.783022,2.398620,6.680527,11.265433,3.697313,2.198269,1.879245,4.054011,14.569274,1.199430,4.192388,1.149410,4.267496,13.115687,13.290825,6.878749,2.425646,2.025811,3.037352,4.479891,0.097581,0.311579,0.801001,1.575747,5.292764,2.109643,0.613790,1.346916,3.159600,3.453107,1.082502,1.174492,0.991219,2.043357,1.757613,1.948208,2.363850,2.864285,1.877718,1.385350,2.078837,2.576810,1.774313,1.128635,0.858236
0.414989,1.725055,3.005066,4.401035,14.844739,10.812150,4.365675,0.336877,1.499655,1.714682,32.286449,7.028111,2.461029,3.444466,3.883479,9.746765,1.645927,0.560417,1.161067,2.073211,3.597703,12.649602,3.178836,3.145375,1.340633,2.422660,9.556183,0.925797,3.713532,3.114174,3.480038,14.002275,24.677225,11.004186,3.152992,1.634543,1.301644,12.393872,1.465550,0.894046,1.995593,2.443103,5.738601,8.010727,1.705686,2.126832,1.423188,0.755241,1.549802,1.558998,5.255606,4.868845,2.606786,0.374737,4.500267,4.209721,4.269454,2.545652,1.573848,2.821654,1.111904,1.259534,2.689172
2.090325,1.225251,2.211947,2.819261,12.277238,6.194823,2.066273,1.800559,3.070175,7.073464,15.824732,5.135552,2.962920,2.895584,2.029515,5.209501,0.784781,0.957650,0.972175,2.853848,11.029152,3.663371,1.779099,1.169312,2.148341,5.260911,3.170386,1.794006,3.165914,1.765781,3.413791,21.622248,1.581291,0.851827,0.928546,1.834849,8.931864,4.342538,1.386547,1.031939,0.503288,3.199099,5.187738,0.606983,0.219364,0.501436,2.063423,4.560065,3.009802,0.565959,2.006946,2.108343,3.481658,1.838937,1.131545,0.947917,0.596592,1.417761,1.592470,0.358848,0.558724,0.439132,0.328432
0.816067,0.789077,0.984381,1.208531,5.174367,3.504254,3.317610,2.396306,2.098198,4.507276,12.557902,3.047762,1.026618,1.780181,2.590610,4.824145,1.484108,2.304121,2.831950,3.085299,6.601107,6.106732,2.316154,0.281723,0.659163,3.212695,6.193829,1.966031,4.372537,1.060804,4.731378,13.986281,2.817609,2.879938,2.524774,1.887326,2.559609,0.867690,1.563072,0.270919,0.656206,0.862851,6.937786,3.865293,0.682993,0.835435,1.008252,1.326331,1.088321,0.937761,0.795163,4.571160,2.067729,4.317433,0.720076,2.255049,1.989143,4.862831,1.971202,2.104872,0.704096,1.480998,2.785912
0.583188,1.150364,0.151049,1.891267,5.507030,6.438154,1.990901,2.246463,0.844655,1.487686,17.746611,1.955903,1.383282,1.185680,2.777239,4.749861,7.962696,1.820423,1.079070,0.557804,3.079628,11.739047,1.593966,2.761333,1.201365,4.339139,8.263892,7.995326,4.910677,2.175009,1.650338,4.678249,19.692661,5.978132,1.790029,3.008875,3.431378,7.248624,4.622907,2.630010,0.874243,1.059967,1.234371,7.245063,2.013012,2.307101,1.922205,2.591134,2.724821,2.513596,5.026185,1.771888,1.087820,1.528554,6.411955,7.210193,2.321873,2.239461,1.466330,1.035316,3.548430,3.594354,0.944362
3.017932,1.412256,2.532381,1.132300,5.852509,6.808024,3.865359,2.161045,0.540378,1.324190,21.004154,0.623996,1.712824,1.714039,1.462736,5.633182,7.058485,2.915876,1.246785,1.307508,1.141770,6.718240,1.978155,1.566304,3.469736,3.838037,8.127894,5.582146,7.658936,4.265136,1.372048,0.620187,17.813551,4.660891,2.501364,1.476524,1.139591,3.445474,6.161592,0.620107,1.139444,1.548026,1.198921,6.331146,4.561574,1.966325,0.062366,0.447758,2.246946,4.676758,1.771258,1.118924,0.418374,1.563188,2.190862,2.384472,0.686038,0.910942,0.919038,1.932990,1.715696,3.386981,0.593810
1.349650,0.923267,1.386663,2.071532,9.725886,5.366539,1.982994,1.722226,1.805758,5.914916,16.506634,4.838754,3.062669,3.330294,3.065464,12.798665,1.236572,1.341100,2.550206,3.367690,9.786620,4.556065,2.108385,1.374194,0.849752,3.185549,18.294836,3.229110,4.026214,4.486232,2.935522,13.956808,1.798545,1.839612,1.423099,1.153789,3.474288,3.254829,1.128362,0.512149,0.472122,0.793978,2.662152,0.782654,0.411263,0.422547,2.043370,2.678419,0.826527,0.261800,2.487919,1.227848,3.634740,0.303540,0.391356,1.301581,2.176466,2.265104,1.815128,1.119145,1.112950,0.697384,0.928889
1.082470,1.548654,2.050231,3.435649,11.809518,8.346838,3.082343,2.248492,2.830686,5.829591,18.705936,4.405046,1.319500,0.906756,1.878739,7.727149,2.141399,1.850114,2.072541,2.955696,6.265722,5.733187,2.508231,1.091913,1.127230,2.241198,11.127935,0.508084,1.983505,0.602630,2.703302,8.113840,6.472774,4.539720,1.740077,1.787867,1.712489,2.633579,0.501444,0.250890,0.320995,0.726484,1.146324,1.211803,0.814799,0.452121,1.557244,1.487479,1.787000,2.153506,1.552885,1.750517,1.919096,0.981782,0.533682,0.882960,0.934510,1.115882,0.367590,1.534241,0.904478,0.624487,0.448426
0.705252,1.043254,2.164227,4.277314,16.770012,8.382205,4.645581,4.456841,4.274089,7.942441,27.023520,8.596958,2.129417,3.655731,3.592563,12.857711,3.642946,0.935049,0.699305,1.805543,10.523077,9.822392,6.074413,4.172448,3.696972,6.212393,15.207179,5.450854,8.474627,6.294795,6.660551,22.840696,11.307547,7.247227,1.019376,0.874562,2.414233,3.891305,2.275710,1.814032,1.912616,1.755749,7.172645,3.230239,1.672201,1.612362,1.893383,3.721330,2.993182,1.941257,2.254306,3.671440,4.770774,4.277391,3.720333,3.179192,1.607346,2.946163,1.547362,2.080174,1.874272,2.012791,3.232187
1.494883,3.128926,1.372934,3.715137,16.240002,3.748755,1.198442,3.215640,4.370548,14.905711,11.348755,7.945107,2.811244,2.998549,5.596975,9.210781,3.069633,2.815686,1.331133,2.078725,14.850405,2.100758,1.976275,0.383721,1.117142,9.683213,1.494394,2.854292,0.777397,2.130556,14.714903,12.430653,3.887087,4.395940,2.623098,4.147108,2.224519,0.360438,1.137016,1.195310,2.004201,4.641662,0.334737,1.421417,0.489403,1.124421,0.528169,1.202616,6.302530,4.150044,1.124030,2.935242,0.358864,1.959062,3.465077,1.899638,3.031574,0.547493,1.097784,3.981044,0.746692,0.616335,2.180019
1.803816,1.697466,1.594512,2.852227,9.881787,5.679348,0.985890,0.539498,0.577555,3.378673,16.807831,5.868469,2.328356,1.562941,1.452896,6.830133,2.964425,0.757400,1.669119,1.378378,4.832478,9.554611,1.920080,0.851725,1.017636,0.987182,4.822811,1.652463,5.639834,1.489151,2.342697,5.369285,5.796567,3.360933,1.567006,1.201909,0.728348,2.821796,0.699499,0.694795,0.226185,0.791559,2.184879,2.954088,0.949567,1.798491,1.205476,1.519211,2.806863,1.937569,0.755616,1.582975,1.286926,1.046593,0.911893,2.837681,1.675596,1.350135,0.935383,1.357582,1.559764,0.888413,1.482021
1.022586,1.370773,1.210832,1.716694,8.851848,2.689067,1.207711,1.096355,2.091782,6.910539,8.539935,2.725180,1.875210,2.280982,2.868999,4.185154,1.461573,0.286659,0.815567,1.450883,12.538469,0.530051,1.176426,0.409950,1.422707,6.614002,1.430884,2.006706,4.077355,3.813381,9.215479,12.327043,2.332277,1.929630,0.777264,0.601521,1.663810,0.717956,1.732938,0.736543,0.695556,1.421520,0.527932,0.254830,0.329141,0.245920,1.098160,1.279643,2.778367,0.536803,0.208584,0.506981,0.450584,0.935095,0.484351,0.681474,0.358501,0.447506,0.227444,0.626173,0.392489,0.183781,0.470312
1.639192,1.574130,2.738475,2.893643,6.169698,9.351029,3.697469,3.190204,3.518858,4.437327,17.531864,11.220280,4.347383,1.741901,1.577378,1.415773,8.389134,1.888553,0.691099,0.454782,1.459251,3.767530,6.451585,3.337610,0.432838,0.328730,1.024363,7.122810,12.344601,4.099939,1.161825,0.360945,0.944188,7.986775,3.687929,1.324748,1.150276,1.266168,0.852127,1.031518,0.853161,0.686045,0.724970,0.859846,0.303593,0.787897,1.284246,0.938377,1.194084,0.208230,2.079303,1.596120,0.691622,1.881910,0.652017,1.451004,1.114062,0.092770,0.894177,1.619878,0.678729,1.335437,0.825143
4.087671,3.999421,4.574853,6.275009,15.230568,11.489969,2.976104,1.099026,1.125392,4.613616,34.843380,11.682020,4.135899,2.247586,3.455338,7.071538,9.300344,0.969289,1.110888,0.962823,4.458274,16.546110,6.287050,4.061518,2.667248,2.936416,7.931319,19.186001,8.658570,1.385074,2.543715,5.224550,14.298042,10.220732,2.748735,1.697427,1.741873,2.048809,0.801391,0.950833,1.056344,0.926538,3.153222,2.543459,2.856861,2.789986,1.142009,2.238446,5.561335,7.598338,3.391316,0.485201,3.074753,2.756723,4.665597,4.315292,1.030960,1.311310,1.842305,2.766792,4.443532,1.207384,0.301269
2.625986,2.988728,5.934979,6.199846,23.135839,4.319304,2.195181,4.522419,6.798048,18.897697,17.141144,5.570296,3.912885,2.201143,3.305107,10.767700,2.213871,1.839330,0.999988,0.952883,18.651766,1.626017,0.611305,0.151007,1.849488,12.267770,5.380039,2.662011,3.526987,4.462980,17.412472,19.521362,5.828538,4.310065,3.137779,2.640705,3.413056,0.565153,1.415294,0.726493,1.353624,7.187305,2.431035,0.424649,1.387532,2.415167,0.987445,1.638161,0.674836,0.562344,0.471139,1.416115,2.938687,3.536261,1.522991,0.611804,0.365534,1.612224,1.251241,1.187461,1.105231,1.382130,1.462887
1.020897,0.054529,0.543935,0.975753,0.381454,0.482137,0.933760,0.721141,0.498733,0.771244,0.391446,0.905708,1.058140,1.204277,1.193527,0.793578,0.791016,1.152046,0.869292,0.763513,1.123989,1.174457,0.959198,0.638047,1.392492,1.135128,0.744741,1.008587,0.814474,0.975580,0.881545,0.500541,1.000233,0.627228,0.686288,0.717727,0.607076,0.440108,0.670913,0.336018,0.375417,0.351198,0.365801,0.178908,0.403410,0.489639,0.426743,0.235990,0.399332,0.246756,0.307273,0.342766,0.506939,0.501813,0.525819,0.492962,0.595392,0.442880,0.703217,0.507783,0.623023,0.834408,0.446667
1.655093,2.807694,1.481409,3.199925,15.081237,7.389912,3.047447,2.453593,3.837533,12.149418,13.409224,6.076288,2.952349,2.818731,3.268469,11.523272,2.968752,2.459025,0.856516,1.338167,10.159108,3.353387,0.869743,1.270714,2.266048,6.975658,4.467193,3.672889,0.994691,2.773605,6.193702,16.822943,6.823207,4.819682,1.908729,2.726830,4.625842,3.010795,1.421336,1.570773,1.840272,1.493950,0.539866,1.161669,0.285219,0.661564,0.974767,1.388692,4.090084,1.329386,2.704461,5.154069,3.906891,3.427167,3.298863,3.542970,1.032217,3.736496,2.234172,2.568777,2.728201,1.598545,3.839469
2.680763,2.436192,4.788159,6.294979,27.585960,12.492882,4.197438,4.339743,6.732231,17.123671,18.961412,8.176219,4.059754,3.646567,5.848248,13.584635,3.190668,1.879949,1.420348,0.690706,13.674547,1.700493,1.509081,2.159618,6.175042,19.830687,8.439749,5.540752,6.416278,8.009761,20.599459,33.452225,15.504676,7.025021,7.240111,6.983237,4.593549,4.884429,4.763161,4.009057,3.100132,8.095994,2.188163,1.212987,2.828605,2.295284,1.209491,3.003118,4.270880,1.694381,1.031384,3.327729,5.370978,3.714795,0.440584,1.057096,0.844461,3.746468,0.206868,1.955526,0.722813,1.205650,1.671653
0.379823,1.198817,0.979574,2.852740,12.685833,12.751683,4.550074,2.010959,2.177019,1.422389,29.692215,4.424499,2.671481,2.663208,2.277422,9.209104,7.842703,4.621579,2.482713,1.891971,1.516434,13.261431,2.550198,1.594936,2.530644,4.188498,12.018833,6.818202,4.523507,2.684337,3.043993,5.645079,24.681576,10.416161,1.630015,1.378753,2.170216,4.405604,1.141105,1.495583,0.711192,0.705484,1.629128,3.625784,4.146862,4.499184,1.821224,1.874568,3.062417,3.400238,3.343632,0.827099,1.172202,0.647886,4.368402,2.661146,2.477478,1.409992,1.573012,2.513139,2.391033,4.732203,1.407385
0.487892,0.558817,0.583670,1.113359,14.374146,2.015733,1.041964,1.109595,1.920523,15.074321,1.895394,1.148299,0.858393,1.822154,7.971186,2.574983,1.932095,1.946644,2.521021,11.040956,6.259474,2.576776,2.417193,1.428853,5.805672,2.307324,1.063044,0.188941,3.490725,10.421000,6.553498,6.818821,1.651525,1.841932,6.595791,9.067521,3.522388,1.499224,1.403866,1.705318,1.817235,1.582387,0.978160,1.712123,1.589320,2.230411,1.598490,0.218866,0.894046,0.518358,3.684937,4.510993,1.115798,1.083047,3.148851,0.913601,3.639782,2.174739,1.536663,2.978433,3.414158,2.797502,0.285875
1.756059,1.780487,2.274418,2.741801,14.059554,3.493905,2.248894,1.210841,3.181178,9.312119,7.521764,2.515294,2.282506,1.974267,3.849614,7.008803,1.685054,1.728965,0.270662,1.692340,11.799174,0.746658,0.542426,0.700584,0.556244,5.314397,0.653422,0.021759,1.651121,0.827879,6.697612,7.557469,0.942119,1.475147,1.530071,2.652634,1.526030,1.217419,0.477464,0.696548,0.847942,0.856602,0.161807,1.443484,0.786549,1.046280,0.663591,0.975415,1.770126,0.993139,0.627389,0.513538,1.083870,0.949691,1.727776,0.111297,1.431766,1.400836,0.635845,1.662668,0.586403,0.493036,0.967263
2.500589,2.281001,2.274521,2.600855,15.297948,1.011141,0.630169,1.276168,2.561127,15.781503,2.577590,1.130503,1.548951,1.936030,7.932507,4.385463,2.296808,1.462410,1.852849,7.686449,9.541406,2.908689,2.093682,2.121252,5.868498,8.664542,1.881271,0.392499,1.663612,3.666243,10.425359,6.017616,1.682557,1.399921,2.364261,3.282480,0.325991,0.449422,0.713844,0.423461,0.963891,1.620987,0.205100,0.707144,0.555610,3.097168,0.907374,1.448345,0.857708,1.398431,3.031330,0.143679,0.520761,1.369695,0.318297,2.926763,1.239516,0.898883,1.743441,1.658742,2.492243,1.106632,0.693262
0.369619,0.082481,0.906280,1.717316,9.297082,6.654442,2.344867,1.535426,2.717581,6.164941,16.452547,4.569283,2.834569,1.954994,2.547535,8.971148,1.270564,1.882659,1.409794,2.627098,6.851891,6.085982,1.247745,1.169440,0.376901,0.436425,5.671196,3.389867,0.639233,0.732983,2.558758,13.740700,1.806480,1.001277,0.288590,0.822537,2.526163,3.126479,1.488580,1.243339,1.231691,1.115337,0.615931,1.183946,0.650902,0.901520,3.059793,3.435078,1.468882,0.535926,0.885731,1.410810,1.883761,2.242476,0.346985,0.857279,0.603369,2.310849,0.907637,0.897968,0.820921,1.064031,1.802660
0.362710,1.035867,2.379047,3.244527,12.413436,8.726496,2.603634,1.300677,2.303110,4.553601,21.986237,6.043857,2.620762,1.945253,0.851385,7.411247,4.722228,1.971717,2.171499,2.833022,6.849046,8.681591,2.839763,3.004056,1.940658,2.329053,11.188849,3.128953,1.631087,2.842766,3.465986,19.718151,5.106450,1.461366,1.825448,1.403328,2.955240,5.322136,1.714229,0.989443,0.055706,0.937218,3.503946,1.562717,1.202832,1.066895,2.733181,1.490414,1.829403,1.190223,1.039176,3.042463,3.339853,2.581235,0.943999,0.537854,1.093435,2.873578,1.873184,1.272232,0.492832,0.709393,1.877536
0.659780,1.459566,1.636658,2.793469,10.383985,4.823365,2.271772,1.234834,1.343411,4.811595,17.881636,3.890240,2.996459,2.053128,1.374100,8.482489,3.915215,1.917924,3.595940,4.355085,9.167806,10.261613,2.432107,1.685274,2.746736,2.916185,9.376700,4.412494,8.289585,0.605236,3.848406,16.572023,4.846423,1.582489,1.750713,2.581881,1.823605,4.539457,0.379939,0.584336,0.389716,1.355456,5.707672,1.314971,1.763666,1.284208,5.303731,2.604583,3.083134,2.094101,4.194978,6.800193,3.173685,1.844032,1.843161,1.835540,1.570747,3.478046,2.896733,0.474097,1.717438,2.141691,2.340177
1.202028,1.224630,2.137089,3.017454,11.826235,6.158367,3.518662,2.665190,3.547717,6.753795,15.910073,2.058231,0.959489,0.947685,1.170786,11.507815,0.291935,0.495457,0.901219,1.771624,8.318122,6.002512,2.195573,1.525827,1.522406,3.489201,10.767639,2.228981,1.333981,1.810808,2.190793,21.093151,1.175607,2.157326,0.656326,1.088822,7.763161,6.684962,2.488878,1.710693,1.579908,1.342706,0.609957,0.599055,1.100313,0.810655,1.276242,3.523841,0.341293,0.346581,0.827099,0.603349,2.601687,1.117789,0.639903,0.546668,0.579716,1.226006,2.524877,0.891549,0.460980,0.479937,0.374987
2.764604,2.997765,4.812578,5.892735,25.102743,11.405044,3.849010,4.299003,8.008101,19.428045,26.574785,11.223345,6.230245,6.109768,6.976613,11.702602,1.357404,1.229659,2.707458,3.709350,17.410135,4.141533,2.699696,2.929632,3.637053,13.129551,11.928158,7.306721,5.078281,7.291379,16.991022,43.535007,8.055763,2.510589,1.279041,4.025789,13.770242,3.116520,2.030637,1.113415,3.811840,8.523462,5.729402,3.796656,1.194453,2.249512,1.660623,7.961313,4.994915,1.813996,2.353681,2.974048,5.750955,4.381320,0.849205,1.525466,0.594738,3.782778,2.168017,3.077034,0.772468,2.184112,3.554463
2.050528,1.643174,1.516908,2.854190,12.704077,2.775163,0.747087,1.822467,2.600424,10.441175,4.385668,3.597657,1.844234,0.349293,1.969610,5.997641,1.030329,1.421145,0.317984,1.949486,20.540623,1.817092,1.744212,1.192230,1.898891,13.521290,3.610168,2.024988,4.524916,3.693808,11.599660,3.733222,3.206757,1.739770,0.917112,1.688504,2.241771,1.080812,0.384547,0.735399,1.507844,2.109715,1.425833,0.701111,1.601256,1.062822,4.135420,0.609255,1.724329,2.831161,0.951778,2.123712,0.435377,1.812922,1.640063,1.092867,2.177208,0.642941,0.537520,1.461169,0.605212,1.267383,1.328661
