3.170221,3.938332,4.648780,6.456856,16.920334,7.934299,5.393724,2.613093,0.944416,1.896741,29.617243,7.504436,2.691277,2.946018,3.217294,10.071342,5.974513,1.779372,0.749966,0.810953,4.665102,10.585724,2.805835,3.449202,2.777213,6.290929,9.441830,8.082948,4.528978,5.119647,9.620238,18.411360,26.878265,10.638214,6.359731,2.647705,14.427283,23.029112,23.488293,14.543659,6.085037,6.618131,1.839353,7.024847,7.016463,4.200906,4.297777,8.722983,8.699059,6.479641,2.501120,2.933065,9.150119,13.160642,14.550891,9.081873,6.750859,4.952841,4.685722,10.228814,4.369426,3.684907,2.787674
1.453258,0.224095,1.766500,2.757325,17.535564,3.226536,2.067919,2.198223,4.215161,18.719105,7.579661,5.718482,1.699739,1.682378,5.191018,4.705401,3.100527,2.593263,1.811758,6.267843,8.375883,3.797814,2.993899,1.903917,4.828365,4.770873,4.323731,2.312070,2.324551,8.460023,17.096943,14.067138,10.377451,9.175138,14.925273,16.983313,17.238377,6.409784,6.774504,9.435981,7.497342,9.432392,5.827058,3.569275,5.931116,7.182184,3.557004,1.622456,2.813732,6.629881,9.474918,7.130810,6.981948,4.900585,7.330164,10.371099,6.612823,7.987912,4.637675,3.047142,2.223942,1.301381,4.536978
0.417189,0.882674,1.165235,0.899847,17.165512,1.344965,1.052161,0.778895,0.995889,15.857156,1.821586,0.511841,0.921891,1.353972,8.907878,1.579638,0.716915,0.757971,0.961440,6.572206,4.059577,1.756742,1.176401,2.018362,5.086731,1.648588,0.866134,0.417715,1.810627,8.618469,6.300578,1.984318,1.411540,6.011344,13.951946,5.735700,1.226644,2.751708,3.409832,10.438457,5.194631,3.158907,2.708850,4.152633,7.469189,9.569100,3.765976,3.471164,3.073140,7.320957,2.751150,1.289804,0.823710,3.448058,10.587253,8.474255,2.861758,1.979997,1.606349,1.447111,3.195673,2.183544,1.246563
0.933249,1.196390,1.825289,1.056899,17.475288,1.515098,1.087281,1.585754,2.757842,16.929457,2.028847,1.990035,1.246770,1.029889,7.299626,1.414292,0.755772,1.301324,3.193964,6.572134,3.892027,1.620218,1.861897,2.850444,2.078633,2.922991,2.035863,2.963541,4.505154,8.026983,4.791982,0.705665,0.925357,9.615429,10.778276,6.934359,2.902212,5.890417,10.549680,6.918813,4.498541,3.169247,2.771914,6.376712,3.297561,4.073940,4.704965,7.561375,9.924489,5.074252,1.702407,1.159678,3.914485,10.215743,5.518957,3.160749,2.860980,2.338138,2.859802,1.062848,1.325908,1.665484,1.204009
1.936392,0.650369,0.849673,0.641358,16.315704,2.075562,0.056021,1.410202,2.694147,17.126703,1.019558,1.169599,0.849952,2.012553,4.730852,1.261593,0.621822,0.965402,2.088254,6.574102,1.731701,1.079435,1.319355,1.781219,3.584238,2.658201,2.295202,3.304340,7.047057,3.877638,2.297015,0.659377,2.257139,11.032571,12.183777,3.601804,1.824215,3.801170,13.019164,12.805054,5.809213,5.246395,3.111171,7.906916,1.060052,4.194185,2.209476,3.893116,10.066543,1.000701,1.309153,1.145086,2.246880,11.652751,3.254471,1.256878,2.376620,1.108203,2.564914,2.041812,2.085790,0.935795,0.945403
1.332647,0.630172,1.835529,1.543040,15.846725,1.496473,0.378754,0.923486,3.062462,14.268312,2.948196,2.519327,2.742502,3.584000,5.371200,1.185737,1.211745,1.347174,4.022973,2.286347,1.458716,0.854644,1.109500,3.386389,1.411108,0.714252,0.226612,0.517041,6.574058,0.974143,2.673485,1.047359,4.486369,14.528998,5.700167,1.641714,1.323709,4.071472,15.374745,7.161376,2.307351,0.472644,3.699723,3.974447,4.922661,2.026664,0.843359,2.826100,4.465266,2.435070,1.307236,2.935751,6.262828,4.094625,3.353412,2.244504,2.714259,5.906814,4.012761,2.462064,2.092339,0.198824,0.887449
2.228776,2.402282,1.551477,2.352695,15.753192,1.000429,0.135856,0.095618,1.951825,13.802675,2.568631,1.817064,0.751555,2.001126,6.743820,0.890333,0.657390,1.262858,2.596894,3.762855,2.647099,1.022159,1.033232,2.129877,2.664886,2.303550,0.868393,1.447711,4.423203,2.738213,5.345708,4.777513,7.462746,10.888889,7.831554,4.507170,3.926423,8.129437,9.881479,10.641709,4.073527,4.412554,5.965369,4.852703,6.813327,2.807668,3.617932,3.813351,3.561688,1.069329,1.532977,2.687789,6.527450,6.227304,6.138103,4.595977,2.818767,4.201542,4.487174,4.391345,1.580982,2.359032,2.233962
2.589477,1.244811,0.990089,2.482132,17.644831,1.380694,1.208298,2.017815,2.755560,13.184176,4.031938,3.204173,2.223488,2.720780,8.593393,3.518843,1.730798,1.086388,0.930947,3.506792,4.975450,1.751678,1.433567,0.805250,2.417640,4.383962,2.955261,1.664121,0.778444,2.054159,8.803358,7.096779,3.273912,1.939329,2.856388,9.139987,7.065852,1.506019,1.597662,5.999620,9.505422,3.089268,0.339658,0.320430,1.659507,4.064465,1.925363,1.209338,1.133087,2.401715,3.157707,1.977888,1.786059,1.093089,3.460136,2.793259,3.566235,2.661607,0.597644,0.884357,1.153954,1.520325,1.019363
0.531085,0.123634,2.213974,1.575684,14.707267,2.638597,2.374636,2.151469,2.225760,14.027669,0.708386,1.137786,0.451185,1.244588,8.666061,2.193029,1.640230,0.854992,1.104746,5.881419,4.340516,1.217115,1.062873,0.697279,4.232319,2.902610,1.652410,2.276917,3.219307,8.767202,5.668995,1.610140,0.799980,4.668355,8.244143,9.994772,6.692342,5.719912,3.799696,10.928091,15.237532,7.674784,3.976568,3.842079,5.919296,7.664120,2.565211,2.817777,2.560191,4.220986,3.787386,0.333516,0.483532,2.034271,2.176252,4.904361,3.260338,2.539744,0.236824,0.889573,2.569493,2.651388,1.064743
1.378746,1.527121,0.957003,0.932765,16.273315,1.708819,1.186253,1.121163,1.715249,13.296419,2.178050,2.602869,1.823967,2.039949,7.617432,1.502544,1.085637,1.030249,1.899173,4.813723,2.852882,0.685074,0.881488,2.291801,3.845820,2.506924,2.039438,2.510672,5.050692,2.366727,1.224352,1.064851,2.470918,7.791049,9.869855,4.626502,4.327363,8.551071,14.511708,14.301685,7.955726,5.029930,4.824099,4.970325,5.043599,3.363368,2.893929,5.781324,6.848064,2.447556,1.304118,2.542774,3.558206,8.066530,2.742193,3.560582,2.960553,1.374350,7.619783,3.475878,3.418707,2.945760,2.406928
0.184754,1.782501,2.922446,4.206379,13.126645,4.212630,0.619565,1.906474,2.521359,8.282796,13.309712,8.983651,3.668701,1.873993,1.164928,8.893435,2.893078,1.928712,0.963600,0.804936,8.244977,1.542772,2.373739,0.230701,0.476965,4.369348,5.268808,2.265623,3.502346,1.848619,4.342724,21.508003,15.576131,14.048615,2.457038,7.636923,26.216818,8.832335,3.267774,3.010550,5.598423,10.874192,1.766224,0.969263,1.187038,2.681689,5.368124,5.510952,2.910717,0.490658,1.113999,5.733683,9.026683,7.327797,2.156981,1.389587,4.918316,13.269856,8.938272,3.821400,2.914051,1.065964,3.748239
0.518168,2.156263,3.044053,2.320715,13.364721,1.092652,0.401555,0.613769,0.423455,9.042855,2.273220,2.634379,1.078882,0.817628,7.692972,1.275510,0.300768,0.963290,1.311065,4.565020,2.718230,0.679626,0.574286,1.523522,3.399207,1.117673,1.143210,0.951113,2.045202,2.114038,3.376493,4.307138,4.427647,9.254559,7.451178,5.660060,8.073374,4.597907,7.209339,13.885139,9.745557,4.015747,3.533249,2.093132,2.701936,2.865948,2.399833,3.433625,6.932453,3.810039,1.457534,1.720811,5.661409,10.136952,1.121805,1.796167,1.507613,3.875897,2.936471,5.936306,2.204877,1.622225,0.892878
1.330197,1.371562,1.899478,1.213236,14.773328,2.562696,2.572127,2.628211,2.960936,14.612961,2.199970,2.647423,1.171514,1.777293,10.257895,0.705357,1.713799,1.687175,2.136361,7.795056,2.584584,1.145355,1.360537,2.283080,6.289176,1.756885,2.052705,2.056560,2.537371,5.571571,5.495979,6.658777,7.214672,6.566507,14.148676,11.817466,11.700624,7.333858,5.024974,19.498081,20.031975,8.401699,4.955300,3.545138,2.113782,5.823439,4.447024,2.770892,3.798031,9.171251,2.073869,0.764233,2.563173,3.576005,9.746253,2.843656,3.988309,3.540509,1.322240,3.428724,5.977649,4.012995,3.209318
1.730514,1.468057,1.124770,1.421146,13.955219,2.686123,1.585708,1.689348,2.270300,12.092557,2.639632,2.169150,0.948274,1.257605,6.423816,2.732971,2.551660,1.655205,2.447559,5.211476,3.988051,0.400368,0.377880,0.547621,2.743580,3.796331,2.968046,2.539944,3.406588,4.862132,7.627599,3.479541,2.506166,0.590733,6.065732,13.035288,11.150299,6.428461,4.677011,8.265985,14.616015,2.638535,2.034513,2.710080,5.433554,9.353941,4.303856,2.910878,1.470060,2.122338,4.932517,1.919721,1.008727,2.127852,2.477897,5.181640,6.180145,3.073848,1.296374,0.656163,1.543203,1.695139,2.026654
2.044284,1.986645,2.621132,3.806529,14.500554,3.176335,0.857903,0.954598,2.043062,8.040012,11.832890,5.295818,2.704862,1.839162,2.115775,7.519690,2.406778,1.839542,0.718764,0.645323,8.743654,1.559320,0.739681,0.819274,0.975341,4.921186,2.457690,1.346933,0.896224,1.838886,5.971796,13.881501,10.505441,14.432220,2.307328,6.211473,30.034288,3.902502,3.893612,3.759826,8.157178,15.375566,2.689123,0.960652,2.329702,1.716020,8.424141,6.937699,3.546371,2.809240,1.448102,5.506680,6.111861,4.472315,4.516580,3.400187,9.352927,13.087014,4.703406,3.643196,3.690628,0.415189,4.643109
0.807900,1.059036,0.608098,2.349986,12.809608,3.721876,2.630495,2.131513,2.910913,10.578168,6.361764,3.176361,2.200783,2.349500,4.619949,4.536249,2.811133,1.502635,1.604270,2.506657,7.223079,1.662284,1.198631,1.008610,1.944178,4.060426,2.519692,1.703927,1.531568,2.238661,11.212811,3.951275,1.317916,4.280709,5.912727,14.008806,14.647099,8.602698,5.011770,5.543092,12.386541,9.212278,6.551983,3.418197,2.184838,2.319237,10.215770,4.230292,0.791485,1.823554,4.962343,2.173357,4.206233,2.416477,3.907029,7.379671,11.486143,7.876111,2.828024,1.182946,2.190495,1.242124,3.130177
2.131781,2.097384,1.086106,3.119780,14.115574,2.661285,1.666659,0.326944,1.724618,7.414304,10.484310,5.719046,3.267663,1.684555,2.044975,7.898122,2.739945,1.414339,0.616041,0.941062,7.226418,1.808158,0.500159,0.214406,1.060916,3.996132,2.314751,1.141893,1.949842,1.959217,3.834555,10.700295,11.867289,9.818353,1.226062,6.351411,17.630428,7.333455,1.903236,3.288790,8.405058,9.297789,3.198460,1.920514,0.460836,1.758598,4.959899,2.758976,2.258043,1.641369,1.723369,2.326380,0.737977,2.542913,2.462041,2.739135,5.962625,2.494596,3.710618,3.942513,0.214850,4.062311,1.026541
0.408772,0.199365,3.261486,1.465467,14.512253,2.523852,1.328450,1.483279,3.410392,14.299711,5.098934,4.025245,1.481896,1.410834,4.895381,4.060730,1.778359,1.413580,1.077274,4.441654,6.301468,2.298174,2.221045,0.942196,2.356237,3.572460,2.870954,2.046171,0.787579,3.719056,10.265131,7.579432,5.947554,10.343099,9.354940,13.752789,16.855644,7.479494,4.132704,9.005680,13.486869,4.546629,0.534033,1.983186,3.056645,7.712889,4.625612,2.223761,1.710317,2.549030,2.916145,2.607383,3.804317,3.932027,4.733999,7.534006,7.226483,4.770806,2.280507,1.404680,2.670244,0.868551,1.464370
1.504432,1.630913,2.387362,3.432950,12.267314,8.571658,2.681319,2.406682,1.780104,1.554614,23.105295,5.383119,1.007427,0.087128,1.948984,6.629893,4.794287,3.494185,2.144484,2.291694,3.280610,8.167469,2.237670,1.661770,0.778124,0.666870,4.655087,2.410505,4.239015,2.041628,4.048486,7.695287,21.208496,13.998415,5.274297,4.774198,7.615641,14.879359,9.932956,4.779604,4.213673,1.483693,2.559115,3.545970,1.070264,2.411269,2.161860,3.511205,4.610983,3.465897,1.124313,1.461511,1.921181,4.140107,3.682507,3.086471,2.509154,2.418085,6.080459,7.091923,5.326498,1.787827,2.489581
0.500519,0.590321,1.632347,2.040676,12.283998,6.520970,2.726047,2.079140,3.895466,9.721597,13.510963,5.249545,2.348625,1.927806,2.117512,7.592990,1.729669,1.277327,0.695534,0.656466,7.395111,2.174340,2.172169,1.953486,2.281355,4.091981,2.899500,1.224206,1.255004,0.259672,3.114513,17.334267,10.175624,7.934043,1.258434,5.555176,18.245304,9.570183,3.994380,2.409335,0.822070,4.979142,5.351091,3.231501,2.626070,2.524153,4.141856,6.001126,2.271266,0.490303,0.530868,2.106870,4.071785,4.455331,1.665323,1.574237,5.048689,6.981739,4.135938,3.452525,1.920482,0.504463,1.200167
0.335878,1.331310,1.011018,1.079886,13.165150,3.668048,2.241460,2.381315,3.764632,13.383883,2.994434,1.939079,0.307420,1.974330,6.048516,4.615827,2.039187,1.297668,1.679423,4.526430,6.143107,1.666056,1.084735,1.306533,2.340180,4.234333,1.659583,1.160021,1.244339,2.664315,8.467703,3.885294,2.300797,2.441770,3.272341,17.398760,9.492143,6.657066,3.280835,5.589891,21.193979,3.228369,1.971768,1.547652,3.482544,8.682850,4.388036,3.594546,0.903685,0.541184,5.508869,1.483579,1.678970,0.506953,1.859042,6.907034,5.989136,4.998858,2.412078,1.834974,0.984011,4.743694,2.337156
0.223656,0.500923,0.878918,1.735373,16.014725,2.413138,1.515556,2.291302,3.949940,12.971577,1.322142,0.105759,0.749815,2.918159,5.438766,2.358335,1.054766,0.789021,3.456447,2.115636,0.851977,0.876927,0.139255,2.800030,1.780065,0.739709,0.967650,0.223713,3.915002,1.421523,2.111803,0.976120,4.534219,12.794345,2.862708,2.193848,0.596779,3.469456,12.758372,3.573275,2.684679,1.470022,1.530021,7.074739,3.699597,1.536502,0.987875,4.153374,1.317719,0.759047,0.280155,1.658412,3.263813,1.603997,1.303665,1.034947,2.077124,1.637020,2.311980,1.312660,1.070082,0.749974,0.238014
1.856201,4.361634,1.460576,4.062617,15.124790,2.708697,1.913995,2.807142,4.214133,11.983647,11.109653,7.138019,3.319397,2.101958,2.871465,7.903402,2.123139,2.173568,0.582913,1.850119,9.219238,2.575403,1.324973,0.422490,1.187166,4.975307,3.268022,1.117537,1.503003,3.168197,9.596294,14.653682,8.377157,12.477545,5.614211,4.473027,23.040201,10.360724,4.376978,3.185475,3.476238,7.066350,2.630959,1.736058,1.137012,1.339187,5.136930,2.492567,0.792313,1.602070,0.769793,3.555812,2.677861,1.898036,3.069159,5.555747,6.702915,7.479147,3.864924,2.211615,3.797363,1.896827,2.760535
0.814353,0.707216,1.420307,0.715981,15.604867,1.376088,0.537961,0.924663,1.085613,14.131020,2.434171,3.238943,2.053095,0.678480,6.784132,1.328232,1.522105,1.260776,2.590789,8.196380,3.865780,1.241256,1.352476,1.449472,2.749137,2.175174,1.942954,2.296343,3.262465,7.897256,7.037467,3.564418,3.709509,7.513954,12.242415,8.348007,6.622380,5.244078,9.129560,19.109434,12.285346,3.581806,4.022042,5.573741,6.518132,3.278878,0.697467,1.830343,2.060466,1.811916,1.710082,0.274004,0.819289,4.376399,7.114954,3.392678,1.439087,1.125639,5.528855,6.659079,5.953661,3.085400,2.345711
1.390807,0.503716,0.433387,0.821094,15.563610,1.503038,1.540709,1.653608,1.922630,13.323422,2.633507,3.027408,2.303236,2.885404,7.649174,2.214906,1.253699,1.503571,2.596291,6.135398,4.854863,1.535080,1.418203,1.840338,3.459683,1.490521,0.928079,1.097856,1.392689,4.348396,5.128376,6.098622,4.907201,7.442712,8.843710,10.235645,11.210573,8.118473,5.565979,10.055845,11.722795,4.603417,1.726905,2.830812,3.860183,4.343681,1.766878,1.385678,1.370036,1.877565,0.285978,0.915639,3.308299,3.958301,5.081127,2.805515,3.738367,5.385683,4.824826,1.913985,7.515749,4.404455,2.272086
0.508881,0.287629,1.938528,1.462964,15.390920,1.267340,0.486044,0.382896,2.075120,12.262653,1.796312,1.951431,1.274049,2.063552,6.702700,1.854212,1.108388,1.315167,2.110388,6.182102,4.069756,1.399625,1.412184,1.442550,3.256391,1.229115,1.614701,1.154873,0.929249,4.302636,4.710833,4.147066,3.224569,3.192555,10.058469,7.040605,7.867790,8.958983,4.779134,6.347044,9.189747,3.281255,3.271481,1.222500,4.505135,3.602371,1.130018,2.046446,0.326954,2.674164,0.784556,0.859385,2.677725,3.894943,4.366829,5.191289,3.887047,3.584146,2.001766,2.348611,2.656395,2.030611,0.952878
0.368848,0.547848,1.221295,1.779273,15.104442,4.194116,1.843425,2.365593,3.473095,13.258873,3.388060,2.931149,0.946069,1.885264,5.493376,5.899643,2.493470,2.382361,2.098942,3.947227,4.096182,0.409255,0.472487,1.043559,1.253047,3.251631,1.190419,0.143596,0.960752,1.132353,5.574199,1.938259,1.981269,2.652464,2.800690,6.491505,4.363197,1.877596,1.272868,4.634249,10.698068,6.649426,4.296404,3.481656,3.320300,3.265975,2.344693,0.974629,0.854800,1.468324,2.361872,1.711108,0.793614,0.326886,1.004027,1.621066,3.924587,1.689783,0.631501,1.451847,4.064188,5.157327,1.571005
0.166649,1.792290,0.614612,0.915756,14.954820,2.808123,0.579812,1.849048,2.885974,12.472725,1.531120,1.495497,1.617016,2.364443,5.157251,2.211899,2.184713,2.071185,3.244602,3.457397,1.671250,1.828260,1.969636,3.051352,0.495980,1.478256,1.762799,2.476663,2.235163,4.808255,2.811816,3.733643,4.631609,5.556175,9.036185,5.492697,6.024883,1.504280,7.786250,11.725733,11.313458,4.192371,2.789951,8.774857,3.406271,3.789768,1.366223,1.447762,3.814214,1.204554,1.103824,0.940291,3.034940,5.989377,2.292215,0.993207,2.464612,3.591204,1.656919,2.061636,3.645829,2.847092,1.791566
1.108876,1.403156,0.379740,0.794101,12.800492,0.543512,1.719723,1.286278,2.058538,12.902842,4.753483,4.777018,1.572818,2.371889,5.806834,1.812495,1.186387,1.400061,1.478460,5.134577,4.003740,1.638827,1.558278,1.656270,2.506129,1.354809,1.562829,0.913058,1.871448,3.381709,6.229865,5.884717,6.674635,12.851143,2.621180,8.300784,10.875466,5.062198,5.905336,7.563838,9.275588,5.166487,3.388626,2.698634,4.724007,4.313576,2.559570,1.571387,2.604940,2.980053,2.892195,3.296787,4.624899,4.926099,5.102691,4.056106,4.126029,3.023016,1.104081,0.722268,1.025830,1.003407,1.685081
0.970374,1.253015,0.839409,1.835723,15.185722,2.791226,1.550774,1.817914,3.352519,10.033763,1.217476,0.678050,0.513023,3.801097,2.765827,1.602075,0.857504,1.535983,4.483847,1.070061,1.069008,1.144984,1.233683,4.178261,1.375853,1.757055,1.439764,2.367631,1.075093,1.996070,1.081976,2.851850,6.507652,11.916223,4.492166,0.864486,2.663200,7.711925,9.089509,3.986273,2.835732,0.719018,5.289570,4.429620,0.749553,0.866584,1.747715,6.167807,1.483107,0.941775,1.005301,1.568416,5.184250,2.959808,1.564342,0.669640,1.278017,5.256358,2.040534,0.750613,2.173140,1.326941,1.390135
2.091660,3.274211,2.146286,3.586436,15.108453,5.651719,2.947668,4.105403,5.238058,11.464777,11.843348,4.136272,1.119571,1.444385,2.964396,8.873607,1.827060,1.613722,0.097176,1.201414,8.704379,1.953814,0.772712,1.077774,2.241055,6.530740,4.157666,0.768111,2.826162,3.549907,5.961906,16.122673,14.755146,13.685269,3.194858,10.047693,19.521599,13.160372,8.554979,6.169830,8.701446,10.404511,1.917291,1.571358,1.323424,2.503251,6.173327,4.858644,1.877206,0.873482,2.489219,4.130998,3.039435,2.450917,1.878618,2.563354,6.733327,4.454458,5.217502,4.911703,4.225762,6.178816,1.176921
0.937259,0.471393,2.376552,1.977121,15.757823,1.464206,2.343653,0.899423,2.748674,12.955410,5.755286,4.786869,2.627888,3.077878,6.939178,3.519733,1.504879,2.213001,2.174546,3.653329,5.666679,2.937663,2.679760,2.207346,1.971974,3.936104,3.062668,1.631192,2.796761,0.777165,6.304174,10.254168,9.904403,6.853324,3.643289,10.963424,16.830906,6.951281,0.866419,8.937203,11.277151,6.455723,1.068665,3.758608,3.131001,7.247932,5.466062,1.505488,1.248586,1.841392,1.026982,2.799343,2.335346,1.781876,4.201187,3.763582,6.201297,6.730574,2.746798,3.156175,4.000012,3.811198,4.095109
1.733033,1.511858,0.382305,2.471602,11.071972,2.219840,1.891087,3.045784,3.218271,11.819373,7.769689,5.704686,1.930819,2.504027,4.857578,2.222971,1.328084,1.988725,1.298577,2.784782,5.389895,3.026208,1.884519,2.178985,1.587795,2.019787,2.224422,0.539788,1.949551,1.383201,5.502705,8.583673,9.171739,7.817402,5.836355,6.102323,14.184052,5.045121,3.143391,11.335812,7.892028,6.174915,1.646485,1.309564,2.354713,4.540489,2.220777,2.077403,2.663435,1.436571,2.187273,2.070091,3.250766,2.519097,4.527508,3.418381,4.944650,3.136772,1.500131,2.891258,1.454277,0.079244,1.362728
1.120041,1.639629,0.234299,1.198663,12.957634,1.345792,2.329499,0.892525,1.723848,11.154800,3.126879,2.668481,1.861092,2.593363,3.361479,0.693854,0.733963,1.459947,2.442028,3.266216,2.411953,1.505065,2.124914,2.515922,1.475989,0.733459,0.867300,1.736610,2.858449,1.632918,1.186872,1.120931,4.783252,12.789817,5.779407,2.126586,0.703149,9.764219,7.720454,10.055585,2.552120,2.172709,5.019805,3.506185,3.075299,2.538872,0.401495,2.637918,0.155703,1.280759,1.697274,1.746683,1.513471,2.317071,1.061452,2.224770,5.114465,1.782299,1.897846,2.210961,1.620821,2.358569,2.402676
1.410537,1.442076,0.521865,0.562353,12.818309,0.418769,1.213822,0.816391,2.020866,12.331721,5.188947,4.157333,1.841059,2.103283,4.969654,1.976219,1.588156,1.875150,0.632318,4.459389,2.442383,0.908160,1.300018,0.631316,3.935297,1.277441,0.929787,1.433773,3.331618,2.121104,6.966238,6.951120,7.228230,4.756710,4.127985,7.016612,11.080933,3.248027,5.354703,9.491228,2.251633,3.404409,2.320806,3.594253,2.448569,5.705767,3.455041,1.142657,2.556182,0.761852,2.108753,3.451900,3.553329,1.138972,3.157571,3.557320,5.779426,4.803507,0.099121,2.278275,1.753209,1.353235,1.383869
0.659259,0.813352,1.946821,0.942860,12.041213,0.697482,0.846314,0.836572,0.841909,7.368772,0.845373,0.690464,0.191069,0.692920,5.644861,0.479261,0.346477,0.238783,0.676242,3.845857,2.034079,0.608373,0.442913,0.863448,2.902586,1.037538,0.450976,0.340530,0.673245,2.555406,2.083389,1.231103,1.746692,2.001899,6.596288,3.161879,2.433523,1.722007,5.068187,12.503934,9.387903,2.249945,1.339270,1.578439,6.167384,7.991766,2.064427,2.045056,3.956942,1.491102,2.467871,0.660801,0.460260,1.393150,4.788094,5.044345,3.351686,1.038597,1.033206,4.207433,4.234434,3.012930,0.851896
0.329976,0.770177,2.340504,1.014285,15.581665,1.310019,2.076885,0.870458,1.744136,14.125215,4.809755,3.065682,1.547497,1.781211,6.187966,1.663472,0.870846,1.446923,1.824819,4.866566,4.442307,2.249168,1.997981,1.926916,2.815915,1.714150,2.149262,1.827983,2.631951,2.841435,4.481924,7.142555,8.172076,11.021854,8.744354,8.385352,13.718314,8.689206,9.791346,10.050634,10.231319,8.959478,6.647596,8.340263,4.374360,3.077768,4.651313,4.003410,1.210673,2.495976,1.682998,2.938204,7.738289,2.470500,6.493641,6.776330,2.447995,10.314026,1.228221,4.891158,2.892964,4.305654,3.943356
1.243177,1.074200,3.510827,5.130261,9.457912,1.264805,1.271597,1.543742,4.047049,6.262547,1.851967,1.094984,1.253698,5.752711,1.805525,1.055383,0.469161,2.133994,0.969946,0.914257,1.002605,0.408469,3.047098,1.027507,0.576142,0.657526,0.730256,1.437263,2.346147,1.678632,1.328269,6.772536,5.175261,5.992165,1.557712,1.597322,8.216055,3.752966,2.695303,3.273580,6.880679,0.578393,2.430483,1.730933,1.908116,3.650879,2.362128,0.886427,0.904305,2.203259,0.302918,0.785028,1.982255,0.492666,3.416474,2.770808,2.104179,0.924908,0.458876,0.875825,0.664082,0.269006,0.421118
1.619204,1.206448,1.881425,4.348845,13.580312,2.502139,1.368258,1.983082,6.006001,10.943043,2.114239,0.689704,0.960914,4.815072,1.674734,0.445335,0.494507,1.932177,3.543275,2.094745,1.931641,1.588086,1.749014,2.584702,1.349289,1.382219,1.192849,2.499005,1.559076,0.418971,0.294494,4.405656,10.040832,4.325613,5.072032,2.405216,8.852439,8.108117,7.101421,6.610479,8.120049,3.531514,8.960321,3.411150,2.189250,3.290677,2.820894,3.209585,2.963833,1.275902,3.661835,3.484961,3.206908,3.554996,5.011902,1.560645,3.736064,3.400022,1.869691,1.245259,0.665482,1.598070,1.557470
0.698828,1.196698,0.784368,1.143567,12.851569,2.259248,2.634873,2.525659,3.338918,9.265687,2.073602,2.379328,1.128143,3.006200,4.778269,1.900952,1.988678,2.370305,4.170382,2.802401,1.054561,1.359069,1.304085,2.531392,2.625560,1.678926,1.908407,3.015760,4.610571,4.290826,1.365465,2.499005,7.369705,8.951879,4.068784,4.180547,4.152205,5.728423,11.448601,9.393841,5.277229,1.700969,10.312489,7.547585,3.263229,4.847037,3.467412,1.568409,2.264156,0.560808,1.548436,3.498605,5.024830,6.100893,2.046149,1.530579,6.766622,7.221320,4.696317,3.244144,1.819749,2.240952,1.891371
1.741200,0.670379,1.145141,0.897477,14.369075,0.744190,2.078939,1.748419,0.913755,13.166537,4.251146,4.322158,1.294328,1.269940,7.193390,0.281284,1.279163,1.629691,3.015422,6.606932,5.351283,2.296572,1.616532,1.501982,3.261376,1.229665,1.679531,2.639753,3.899155,5.657339,10.527249,6.359174,6.459352,2.241320,11.396844,10.484851,11.028801,5.626088,10.242948,16.918789,6.353230,2.274099,4.569936,5.168204,3.603958,7.514760,2.740263,1.413152,2.509196,0.778500,2.659236,3.534471,3.206242,5.864290,6.377078,6.828330,5.492246,5.737789,4.182745,3.912382,3.551296,3.325092,2.579084
0.291515,0.414727,1.411258,1.144488,13.115426,2.060801,1.361120,1.377701,1.498677,10.688863,1.066382,1.289164,0.159880,0.765355,7.365519,3.259304,1.968480,1.293423,1.807590,6.596355,3.714560,1.967498,1.358438,1.355076,5.000079,2.577921,0.841641,2.368784,3.753652,4.022022,1.482563,1.918022,2.860134,2.989999,5.215932,6.195250,5.686401,5.396808,3.179669,4.553801,5.558589,2.166835,1.386219,1.403302,2.818548,6.734089,5.303950,2.933059,1.425910,1.677741,2.666350,1.790272,0.653813,0.853669,1.431989,3.146801,4.894785,3.804239,1.452280,1.381133,2.301737,1.711190,2.324863
1.310808,0.733489,0.864769,1.618711,14.340214,1.500394,0.840962,1.633965,2.634749,14.794476,1.127610,0.990138,1.577705,2.622750,6.089241,1.668229,1.075569,1.343340,3.408766,5.610519,2.448147,1.600199,2.084842,3.696441,3.140000,0.576312,0.406038,0.319917,2.319245,2.142977,1.648689,1.758719,3.414273,18.805929,8.226067,3.762794,2.053098,2.659453,5.950783,4.001444,0.352668,0.411379,0.537838,7.214135,2.427811,0.643472,0.389972,1.445692,4.480643,2.133872,0.981934,0.705402,3.979439,8.212637,1.063165,0.392287,1.204457,6.377129,6.130164,0.832627,1.474297,2.463557,2.851415
1.217576,0.563797,0.170352,1.200389,13.893314,0.793650,1.176548,1.409223,0.246943,7.837750,1.632425,1.450518,0.511714,1.425044,9.263310,1.163206,0.586694,0.342246,0.316439,5.258270,2.661102,1.469683,1.158138,1.191255,5.077849,0.902277,1.351454,1.028414,0.521433,2.689244,3.832959,1.675335,0.972862,0.891687,10.075865,3.952423,1.394544,5.439433,5.484579,11.704221,3.094983,3.617903,2.541447,1.597223,3.243656,5.207532,2.427745,2.563574,2.228226,3.580042,1.615864,1.522509,1.433350,1.395192,4.724927,4.384580,4.840259,2.615412,0.729445,4.639116,0.992633,0.614742,0.654477
0.340716,0.857864,0.246721,1.146076,15.374150,4.080898,4.267607,4.451877,4.737640,12.813794,6.381809,4.159232,1.288191,2.241133,8.024729,7.510666,4.378066,2.472161,2.053441,3.764245,4.425595,2.790648,1.683871,1.476583,2.118094,5.381766,2.613277,1.054995,1.698208,4.059103,6.696891,10.309316,6.557527,5.157992,5.927435,9.244707,10.318049,9.411831,1.228152,10.749196,12.598397,2.619575,3.564688,2.299269,4.152298,4.306854,3.917966,3.241467,0.496417,3.479806,3.046832,1.239895,3.414113,0.975508,2.729463,3.132873,3.910125,4.218418,1.622973,5.390627,4.683664,4.562871,1.803124
2.119867,2.895353,2.097786,3.495018,21.823706,0.904045,2.325110,2.263658,3.556475,17.948431,6.625357,6.110550,3.399078,2.888340,10.459736,5.811469,2.414983,2.648720,0.684113,5.056568,8.479483,3.975876,2.510282,0.917836,2.297394,8.125182,3.524978,2.021514,0.618731,3.756611,18.395939,10.594956,5.348656,5.460734,7.230354,25.768661,13.352052,7.722806,8.570849,8.494975,11.547214,2.697859,0.726494,2.020300,5.933369,14.331340,5.302574,4.298275,4.019369,2.874919,4.904161,3.849301,3.042962,3.243369,5.252469,10.133277,6.634468,4.303649,4.465087,2.115672,4.311908,5.506558,3.696374
3.902126,4.471117,6.355652,8.808768,31.018013,8.066387,3.431924,1.999383,3.946225,12.964472,25.274694,7.729590,3.522032,2.852185,1.061962,17.194490,5.698760,2.391016,2.915535,4.101183,13.783615,3.716677,0.701564,2.056107,2.210166,8.481296,8.197172,3.792794,1.171538,2.924854,9.732306,33.710003,8.453926,10.120841,7.571388,13.060699,39.895969,26.549196,15.738690,7.064001,6.346543,5.763597,0.910471,5.415063,3.556176,3.403061,11.435653,10.470310,2.783301,0.898465,2.840894,4.869997,10.656404,1.010690,2.902571,5.665030,11.502934,15.770485,4.057367,5.913081,2.954587,5.891781,7.423222
7.076162,6.773619,8.286264,12.272603,36.157917,8.085635,3.747334,1.048607,4.771292,16.435303,27.824984,9.357983,4.466003,1.524895,3.663422,19.991571,9.652407,2.644354,3.634663,6.223585,17.000877,8.926865,2.390962,4.237103,6.316360,11.543468,9.532146,3.622475,4.000829,3.450635,13.131999,30.928118,15.871518,12.510285,8.258173,23.670748,40.024124,35.132393,19.228886,18.644138,15.973243,15.072973,5.242950,4.311428,6.565618,6.454344,15.328239,14.395251,9.386449,2.812311,1.036163,6.545764,7.227765,6.426898,2.810331,3.676715,15.415943,13.280665,15.006459,4.700209,3.351550,7.362408,8.977691
3.212855,2.803024,2.017494,1.995981,37.466473,3.852781,1.388437,2.996596,6.238967,28.033407,8.600887,4.445524,1.604859,1.434702,14.256852,4.043383,5.133515,4.212436,4.321709,14.392568,5.096433,5.740595,5.167220,6.129517,15.165922,3.905218,4.448823,4.976022,7.825894,13.845714,14.340868,9.713808,0.733576,1.922152,25.353407,25.302362,31.414774,19.591797,8.985227,30.450933,15.984866,14.246925,8.743384,6.530248,12.003231,15.808627,9.833950,9.516477,7.739817,4.577047,4.870420,2.911411,0.683500,5.434945,9.983957,11.903317,8.589051,8.789438,3.090506,8.189445,5.756510,3.485870,6.795426
0.200293,0.880058,1.530177,1.996251,15.791444,5.952547,3.023332,2.720319,4.892886,13.727683,11.056987,6.469956,2.236667,2.091955,4.428606,7.005787,3.438825,4.061500,2.510226,3.009335,6.568639,2.194114,2.147215,1.568911,0.292101,6.496262,0.089293,1.286361,3.175667,4.881512,9.827011,10.496437,3.080945,0.640718,5.427564,11.888014,17.736320,9.181283,7.548884,8.348344,14.198502,8.597748,4.978388,2.913427,2.232367,5.901602,9.932430,3.964430,2.199731,1.952293,2.779357,3.579730,4.084722,3.397603,2.922158,7.394953,8.782104,8.282106,4.260006,4.176147,1.991155,1.793104,1.383343
0.975771,0.342327,0.775056,0.937936,13.473763,1.956054,0.348914,0.605830,1.188500,7.851018,1.882790,2.052038,0.830247,1.836700,6.487512,0.708619,0.832865,0.858904,1.567515,2.371794,1.351943,0.809434,0.781375,0.665107,3.758996,1.329377,1.631426,2.119179,2.606596,0.731426,0.398815,1.152743,2.073808,5.115607,2.454238,1.889796,1.356187,5.810239,6.214311,8.975020,3.285418,3.267907,2.497248,3.414239,4.852659,3.977174,1.816565,2.618428,2.959654,0.921145,0.994595,0.735285,1.189027,3.102246,3.184572,2.342775,1.399468,1.702018,3.145208,3.680463,2.089893,2.313260,1.365334
0.273566,0.529417,0.311661,0.539892,8.708832,1.028420,0.934029,0.824487,0.978632,7.679448,1.036954,1.067313,0.823333,1.382623,5.931244,1.326631,0.802095,0.405711,0.548773,3.014194,0.217568,0.273829,0.417286,0.532724,2.992908,1.438660,0.875184,0.705273,0.703145,1.846730,0.286911,1.744690,0.927940,0.819636,5.164165,1.189327,2.113854,1.068425,0.788421,6.327933,7.215978,3.283276,2.231190,2.089473,2.558213,1.762904,0.136626,0.991134,1.375306,2.897800,2.540562,0.989974,0.551430,0.940720,2.777381,2.485050,1.196074,0.799371,0.882908,1.329733,1.935832,0.811763,0.473080
0.295383,0.233067,0.717002,0.784757,6.831870,1.525268,1.225387,1.446632,2.515984,9.199700,4.363066,3.996324,1.183754,1.660417,3.642343,2.800316,1.553424,1.675093,2.098237,3.167886,4.854074,1.880360,0.160312,1.035230,1.162591,1.487199,0.350018,0.858204,4.660398,2.684724,2.808878,5.784017,5.241648,8.411891,4.003767,4.482721,3.500990,5.314318,6.018872,3.492280,3.353245,0.098767,2.039799,2.143043,1.277725,2.514662,2.872148,2.153024,1.334267,1.217966,0.139162,1.539615,1.120822,1.458247,2.478142,2.613325,5.233791,4.613666,2.153783,6.228800,2.592774,3.091592,2.028802
1.340678,0.555721,0.370833,1.334996,7.988961,1.365313,1.295104,1.733486,2.254485,9.047853,4.264067,4.133063,1.306223,0.903963,4.781959,2.383693,2.056292,2.203605,2.073431,5.021772,4.047544,2.214776,0.287158,1.250510,2.408390,1.775924,0.786788,0.613283,3.703709,2.544548,2.170810,4.147761,6.456836,12.658643,5.149473,4.549565,4.174029,4.459030,3.548989,3.333992,4.146956,1.091412,1.820812,2.339326,2.548076,3.893883,2.464425,2.040970,1.795767,1.594450,1.324114,2.503077,2.484159,2.259598,2.559483,2.814586,2.820359,4.950133,1.626771,5.524362,5.991911,3.491739,0.591139
0.559810,0.136167,1.345241,1.665098,10.030100,1.645404,0.790135,0.244768,1.045325,10.193331,1.979305,1.623599,0.937154,1.368458,6.275692,1.559035,1.094100,0.616858,0.839189,4.409090,3.528837,2.344364,0.937389,1.586445,3.155121,1.170738,1.212590,1.651641,1.854383,2.381386,1.828902,3.981230,1.594652,4.878786,7.791405,3.551697,4.583553,4.781575,1.209471,3.074957,2.872308,0.515288,1.130148,3.080726,4.269763,4.963840,3.489198,1.313216,0.786295,0.490731,0.245312,1.272121,1.124392,2.084943,3.387211,2.854701,5.515754,3.078581,4.709726,4.177730,4.757842,2.632923,1.005576
0.631065,0.894418,0.321415,0.857135,12.519359,0.877327,1.387488,0.709145,0.558947,8.290329,1.256738,0.264334,0.507881,1.460810,8.299705,1.392852,0.756867,0.245944,0.417910,4.278963,1.118838,0.702809,0.655124,1.333975,4.048538,0.736159,0.990185,1.485722,1.233180,1.983202,1.268374,0.805278,1.751230,3.129438,8.733298,1.226950,0.502134,2.490731,5.827225,11.130588,6.335735,3.766987,3.413377,1.740848,3.335427,3.639199,2.570860,1.055468,2.223988,3.992944,1.220832,0.211898,0.719989,2.739063,1.479500,1.485178,2.740401,0.438366,3.093321,5.285322,2.905375,1.760521,2.826344
0.163721,1.137784,1.024079,0.789580,14.889576,0.130437,0.689590,0.869563,0.787664,10.846519,1.779042,1.818949,0.608666,1.360377,10.255868,0.334470,0.424832,0.228177,0.471918,3.841384,1.071372,0.165805,0.241997,0.587430,3.923129,0.638942,0.502688,0.551314,1.086984,2.088576,1.842020,2.694542,2.434891,0.555238,5.080519,3.228727,1.650175,2.859528,4.012866,13.783743,3.835769,1.471419,0.889715,0.925002,2.043240,1.971920,1.389216,0.746867,1.080633,2.893993,1.473494,0.483461,0.760691,2.315103,1.863722,2.145941,1.718270,1.746849,1.140674,4.073840,3.679281,4.384279,3.776839
0.531364,0.823971,0.536269,1.132142,11.825318,2.137516,1.448229,1.269552,1.700270,8.883122,0.890361,1.111533,0.780634,1.797687,7.503019,3.158897,1.698013,0.629308,0.924260,2.709344,1.368362,0.673894,0.511248,0.612482,2.512903,1.832829,1.141326,1.805584,1.162002,2.385622,2.853392,1.391657,1.570764,2.724965,3.815464,3.171886,2.225981,4.471934,2.202595,7.334023,10.533949,4.335690,1.343105,0.872974,1.223727,1.395673,1.014980,1.054026,0.644700,1.957976,2.925535,1.622353,2.285270,1.177603,3.171573,3.972089,1.542501,1.898173,1.524533,2.171483,1.207327,2.948934,1.796251
0.300282,0.638815,0.225628,0.958940,12.686920,0.987569,1.980606,1.590008,1.810310,9.208746,0.845659,0.248154,0.253544,0.928076,6.607944,4.649644,2.474927,1.792815,1.958701,3.520069,2.151057,0.153452,0.060449,0.225392,1.902579,3.530967,1.371649,1.616334,1.479232,2.814911,3.051187,0.913320,0.338305,1.459405,2.590258,7.507341,2.713525,3.803291,3.061326,5.211317,15.278955,3.549987,0.922259,1.215539,1.118215,5.751569,2.180247,0.610896,0.179460,0.975753,3.789155,0.321304,0.721177,0.550205,1.076005,2.735903,1.817268,0.617101,0.228504,0.775252,5.587429,3.464365,1.083818
0.288674,0.907124,1.647272,2.694524,14.537154,3.420946,1.445031,2.386889,2.228839,9.148622,4.759852,3.985621,2.385685,2.393763,7.146574,5.205321,1.814006,2.035342,1.374342,1.989177,4.843791,1.908053,1.550360,1.589943,2.088245,4.535136,0.564563,0.907992,1.579311,3.039710,8.000756,3.648587,3.103154,2.164342,4.046647,10.650843,4.933629,3.699577,4.013443,5.605084,13.707525,10.574872,2.190562,1.665955,0.610276,2.374638,3.577470,1.098901,1.033767,0.937447,1.745562,4.151692,1.748691,1.849320,1.705645,3.350715,2.219107,0.166808,1.208193,1.772377,3.178799,3.750266,1.813039
0.421907,1.003122,0.775242,1.967956,18.200830,5.173114,2.634206,2.947953,3.699527,15.514775,5.437632,3.328750,1.163165,1.118303,7.305490,7.014925,3.455924,3.667675,2.949868,5.621897,3.914650,1.065660,1.124301,1.230142,1.669750,6.237504,1.362199,1.494720,1.417559,3.388184,10.470593,7.787180,2.704911,2.223925,5.531123,13.641418,11.406011,6.570945,2.658132,4.189142,11.689841,12.595584,5.589251,3.723804,3.410562,6.043188,6.560443,2.649832,1.375723,2.492173,2.741826,0.800586,1.695816,1.002827,0.783779,2.142831,3.170662,2.326360,1.648993,1.004544,3.258754,6.952284,4.351179
1.715861,1.688157,1.906346,4.102715,23.235094,5.708461,5.485104,4.178096,4.550542,12.680367,13.481511,7.440164,4.212222,4.788810,8.793875,6.883148,4.427719,3.104577,1.629918,1.348063,8.517088,5.324501,2.419228,1.016601,1.521863,9.164141,3.395101,3.939546,3.125493,7.013793,10.251402,16.313997,9.849519,9.251014,9.042433,12.538813,16.596176,15.197596,9.793007,8.559502,13.500401,9.003491,1.372370,2.582466,1.505658,3.686457,7.257102,2.584632,2.096932,1.091593,3.109448,2.113024,3.786646,1.631810,0.421038,2.037263,2.261225,4.369921,2.917436,2.928547,5.225331,3.282172,5.240358
0.784082,0.760316,1.553054,2.511992,28.894514,3.997122,2.933678,2.028709,3.710365,20.677692,10.090822,6.457242,4.521569,5.791161,15.293159,5.812096,3.623713,3.142231,3.424482,7.068420,7.031441,3.911295,2.556559,3.615885,6.688603,6.199166,3.868342,6.053817,4.036199,6.415129,13.659574,14.373362,12.070001,15.537131,15.275137,16.053448,24.995274,24.979832,14.086825,12.048429,9.844668,5.861351,1.921525,5.190615,9.277657,7.694134,9.886361,7.682268,4.255817,1.927220,2.686419,4.211407,4.816032,2.426961,2.787037,5.008000,4.033638,6.664015,3.163087,3.547057,2.712467,4.473009,4.465263
0.658879,0.341510,0.383223,0.176062,0.743916,0.263069,0.811983,0.104818,0.125107,0.232940,0.122578,0.166096,0.139640,0.235664,0.176635,0.071463,0.141179,0.220111,0.198784,0.132783,0.372057,0.103166,0.026320,0.109565,0.346824,0.036533,0.070115,0.105288,0.030771,0.153001,0.288724,0.069727,0.028440,0.033782,0.139676,0.055888,0.096692,0.182618,0.114951,0.145388,0.037232,0.143924,0.021050,0.090722,0.041770,0.010283,0.031371,0.021074,0.095237,0.055469,0.043002,0.023517,0.018140,0.072830,0.108494,0.037375,0.066561,0.076297,0.038850,0.057590,0.021431,0.065872,0.063600
2.782885,2.124950,3.297309,3.613591,15.978186,6.343601,3.404711,4.177235,5.202313,14.223381,8.838281,3.774737,0.408691,1.426725,4.859521,7.816556,1.379790,1.002238,0.896727,1.451679,7.886923,1.472500,0.681208,1.122215,2.061879,7.580976,2.152318,0.694304,3.493566,4.638664,8.636573,13.441867,8.495636,7.450770,3.267001,8.053998,19.545046,11.651826,7.073838,5.499291,15.594296,23.026230,5.835228,2.338317,3.316992,6.998184,9.876616,6.394830,2.799375,0.777405,3.392394,4.319358,5.305625,2.491138,1.095573,3.089400,6.742481,4.883110,5.034212,4.486860,1.430096,5.464262,5.161931
0.554353,0.557173,0.811795,1.601171,8.450122,0.595581,1.114042,0.675727,0.770382,5.370357,1.582039,2.330640,1.233376,1.498013,3.649203,0.730274,0.828877,0.206355,0.905514,2.881919,2.307584,1.799515,0.913529,0.999465,3.081015,1.008246,0.235443,1.333288,2.858792,1.534987,1.045431,2.840427,0.916978,6.234678,6.221012,3.027383,2.627287,1.439622,2.292491,4.130483,4.806542,1.722921,1.094926,1.085687,2.142773,2.074074,2.557381,1.976051,2.852952,0.589525,0.458567,0.557317,1.814180,1.057201,1.735527,1.222430,1.145547,1.849317,3.235010,4.123604,2.483976,1.163259,0.708085
0.456573,0.574539,0.146260,0.192312,9.673364,1.031767,1.596619,1.403270,1.347384,8.489145,2.584567,3.617004,1.828966,1.562593,6.473205,1.760317,0.375498,0.984467,1.148170,3.680740,3.000749,1.450276,0.274067,0.627758,3.094360,1.560146,0.977753,2.596761,3.007613,0.660972,2.541385,3.510708,4.071851,9.995021,3.980135,6.568028,5.525358,5.331202,2.416766,5.855242,5.848070,0.790025,0.785607,2.200163,2.957061,5.648912,2.853339,1.872927,0.081066,1.553191,0.788995,0.865651,1.211504,1.052151,4.239391,3.999987,3.471144,4.402557,2.483711,6.117126,5.617982,3.539267,2.175641
0.747039,1.367029,1.044531,2.228436,13.193619,1.417223,0.610245,0.670100,2.173651,10.875468,1.754928,0.972254,1.161138,2.192727,4.056432,1.104016,1.327420,0.985000,1.337592,2.396744,0.466820,0.961069,1.058465,1.998711,1.952773,0.981310,0.827333,0.694531,1.938303,0.878515,0.862724,0.357536,1.740834,8.211983,2.584447,0.340255,1.171510,1.022786,6.238409,3.180712,0.784899,1.488974,1.217281,6.604367,0.703049,0.954337,0.894578,0.404330,0.941242,0.737084,1.222781,0.989479,1.327355,6.230788,2.016034,1.941718,1.782359,1.314150,1.482329,1.487739,0.803521,0.623976,0.806885
1.142451,1.057997,1.229238,1.916661,12.926608,3.493241,3.862960,2.706459,2.466606,8.180603,11.017072,6.752041,3.090966,3.676751,4.530310,6.527762,2.485562,1.214282,0.249272,1.559566,5.636357,2.099083,1.503466,0.848118,1.886265,4.600734,2.615622,0.634388,1.747215,1.757409,3.500321,7.596234,8.249758,10.450571,2.277402,5.189278,11.066254,11.314591,7.340871,2.328081,9.934112,11.828588,3.465483,2.047925,0.413853,3.362932,6.153666,2.238256,0.835906,1.813202,4.017138,2.622792,2.888078,2.395613,1.655823,5.271160,4.169100,3.275460,2.766885,3.550175,4.225043,2.265806,4.883087
1.267010,1.361491,3.095237,3.976284,13.032434,7.756356,4.225996,2.947470,1.311369,1.060243,21.387186,5.897203,1.601515,0.930557,2.666181,8.772605,5.318801,2.903657,0.862664,0.508740,1.402006,7.800184,3.655612,1.137965,1.305925,1.721989,6.080419,2.515629,2.350268,1.127683,2.382383,7.835725,15.633968,7.783345,2.215962,2.345086,8.894494,18.528570,8.481816,6.777748,5.837323,4.744136,1.680739,2.202439,3.703253,1.982020,1.733480,2.008045,4.026411,1.535881,1.513343,1.940775,3.972276,3.763527,1.649834,2.169870,1.736486,5.003567,4.788044,6.845974,2.562532,0.981256,3.142528
1.826628,1.646307,3.423387,3.225287,20.551199,5.588101,3.834833,3.587639,6.221446,17.606304,7.780998,3.703087,0.578637,3.776803,8.029188,5.699223,2.245005,1.917641,2.085525,3.688161,8.096224,2.448100,1.649785,1.659037,3.799532,7.181361,3.415139,2.961145,4.101882,7.570105,13.551211,13.016039,8.295512,6.231602,10.130513,17.514786,15.745438,7.308274,0.156727,5.939004,16.455273,10.563375,6.243399,4.852667,5.328524,10.327362,5.266426,3.822958,3.666553,3.964864,4.629233,1.455585,4.012378,3.801507,2.947445,7.111479,7.185836,3.327571,3.249640,1.603113,5.653567,6.556557,4.552241
0.514039,0.850893,1.083947,2.139439,20.645142,7.999761,4.606096,5.310116,6.614004,16.482584,15.706019,7.030525,3.329875,2.371060,5.410480,7.854672,4.113317,3.211622,1.228774,2.659694,10.896977,3.146105,1.484070,0.444791,1.468096,7.155992,2.174741,2.571363,1.682629,3.777393,11.334964,17.323431,10.607431,5.811061,5.483159,11.619233,19.372923,12.527398,7.084702,5.982306,5.054860,2.373871,5.238283,3.046782,2.482775,5.438423,8.661446,3.414801,1.822650,0.825971,2.585619,4.174425,4.711692,1.412888,0.136308,4.867874,7.704122,7.464768,4.716690,3.942169,2.353025,2.920631,1.107023
1.484895,1.624017,2.778361,3.139198,19.783970,6.041540,4.376446,3.835898,4.508050,11.622015,14.897449,7.974766,3.708192,2.972163,6.717770,5.818871,3.191339,2.191377,0.822284,1.967482,9.913651,5.370946,1.571683,0.734068,1.826925,4.628628,1.670801,3.000535,2.889759,4.942022,6.909629,12.685817,8.695366,7.038013,7.023901,9.654712,14.321285,17.380608,14.748190,9.799301,5.302008,6.120098,1.926820,4.525123,3.818081,3.097621,5.156694,3.361616,3.417563,1.769856,2.920545,1.496840,4.708920,2.570179,1.537123,2.206575,3.530070,7.699005,6.654272,4.776878,1.636854,2.219226,1.294249
1.483465,2.334692,3.155359,6.413005,22.012329,10.078148,5.450320,4.601639,5.893587,10.616941,23.502850,9.162599,3.012588,3.078040,4.805976,7.714863,4.078556,2.732727,1.266356,3.073112,10.862331,5.318886,1.580195,1.349445,2.262830,5.104885,3.498122,5.020663,3.097728,3.353661,4.720934,21.798168,12.784245,5.475160,2.030300,10.637651,21.036959,21.944849,9.278894,6.220243,8.928543,7.923483,3.047536,5.248823,3.672718,5.140739,7.047764,4.097120,4.243934,1.478339,0.924463,2.919833,4.616712,3.664802,2.355637,1.383011,5.399304,6.310370,6.133470,3.350169,1.930320,1.303943,3.204833
2.535866,1.470800,2.893353,4.247274,6.306328,8.566935,8.102809,5.951407,3.954316,5.171274,4.865282,8.166012,6.805709,5.763595,4.319288,2.569113,0.493254,2.373789,3.192728,3.016276,3.056754,2.500454,1.416365,2.885891,2.491258,5.117877,5.240591,2.777663,2.932853,1.909325,0.651274,2.999566,2.348821,0.510264,1.184586,1.359792,0.569364,0.473749,0.541418,1.663016,0.871592,0.856956,0.803706,0.911022,0.768312,1.006343,1.264802,0.557169,1.069813,0.497912,0.376114,0.353141,0.265486,0.592235,0.908838,2.484851,2.216789,2.684919,1.339392,1.307477,1.413467,0.516398,1.192322
3.185637,3.922970,4.937022,7.195570,24.295990,5.948520,2.675552,0.841964,2.919241,11.999314,20.000404,7.143826,3.794258,1.975540,3.272907,7.007585,5.251921,1.604063,1.987886,5.138165,8.169033,5.920847,1.891751,2.441384,3.766731,5.199762,3.452509,2.948711,3.476683,4.143145,6.047912,12.277124,15.078231,10.719173,5.172215,16.153160,9.961593,18.638865,9.713257,14.773755,9.362459,5.003996,3.151168,4.091625,7.072767,3.865531,4.472970,0.784468,2.338625,0.291493,1.125360,1.586882,1.292095,2.951804,3.385052,3.646214,3.741585,1.391548,3.909791,5.451540,2.441996,7.563496,8.071993
1.853032,2.606350,3.505058,5.192102,26.200651,7.960784,4.380618,3.699215,3.223969,12.034267,23.258629,11.453506,6.860676,3.391915,6.269903,6.593405,1.678710,1.259156,1.577909,2.405881,8.544201,3.714023,2.833006,3.380611,2.320038,6.035808,3.608951,2.078269,1.636689,2.695169,6.929670,14.355947,6.392472,7.320230,1.738156,9.123047,28.337166,18.152279,10.605654,9.688483,5.231682,6.976740,3.340390,4.079772,2.635553,3.752367,8.814497,5.578314,6.604826,4.307664,3.961226,4.144962,5.922777,3.778528,2.925723,2.724401,4.629806,7.350967,3.555666,5.038869,2.143152,0.697022,0.406613
2.711712,2.690181,3.351179,6.782573,22.950480,7.345569,2.856658,1.500234,1.526101,8.337298,22.459709,9.046775,3.864737,3.108427,0.897594,10.802255,4.439208,0.803150,0.335771,1.703681,6.723269,4.527750,2.377421,1.107788,1.269610,3.755876,6.166427,4.848373,2.629118,2.393247,5.366051,17.713467,11.639213,6.649933,3.283368,7.628725,16.656464,19.333107,10.805660,6.840289,6.596213,7.339951,1.752693,3.193842,1.224725,2.874779,6.184024,5.033947,2.463439,0.515419,0.374198,1.438883,1.630786,1.896508,1.185131,1.016168,2.945004,4.421547,2.600496,2.048833,0.945284,3.462695,5.231251
2.616333,4.007373,4.781971,6.003237,19.563084,8.210066,5.238150,1.748384,1.438286,7.095841,23.395683,6.576824,4.479862,2.795360,1.911336,10.894279,5.710969,2.449644,2.934362,3.947743,7.996249,5.407630,1.034480,0.599220,2.266209,4.807009,2.956913,2.796167,2.605482,4.263792,7.169296,12.302818,17.196901,12.823193,10.624631,8.121995,14.837011,18.522526,17.830097,5.290985,7.186407,11.363640,1.468023,1.443718,4.974741,8.499117,11.128086,3.231953,4.180936,1.590571,2.948097,2.531516,3.059078,2.761581,5.502878,5.964097,4.401880,5.401322,4.473057,7.066472,2.585622,5.503935,2.146508
1.558905,1.713476,1.202828,3.172508,12.191852,2.839152,2.628725,3.492785,4.047390,10.930008,11.192089,5.213900,0.949454,0.954104,2.604202,4.867966,2.678420,1.913059,1.733039,2.736482,6.576695,3.351847,1.693124,1.665650,0.950264,2.070536,2.045591,0.338040,1.271207,1.516942,3.677821,7.621630,7.325046,6.997240,3.644920,5.058871,7.877624,10.233014,7.726102,9.463226,6.426901,6.009371,2.271527,2.737634,4.503236,3.085288,1.718725,4.179402,1.125457,1.443965,0.678479,2.871804,2.554078,2.815113,2.024619,2.048359,7.050057,2.558626,2.318368,0.853539,6.686381,5.691435,4.882944
0.555010,0.930600,0.446576,0.763652,10.283239,1.234155,1.028018,0.677064,1.384225,10.008893,2.646022,2.760376,0.942292,1.349669,4.689120,0.774411,0.489740,0.074871,0.862565,5.828777,3.366551,1.868824,0.625098,1.375629,3.152143,0.411422,0.184232,1.030275,2.096600,2.088007,1.988092,3.697277,3.143672,10.342322,5.874699,3.346432,3.304017,4.792188,3.743649,6.922124,3.195649,1.583754,0.491084,5.393455,1.959184,2.904375,2.654296,1.262398,0.987975,0.727816,1.864533,2.531613,2.228541,2.587807,2.145567,1.963473,2.546806,3.205280,1.104954,4.125864,5.636357,2.318254,2.174764
0.948368,0.614845,1.028785,1.518119,9.993362,1.337027,1.418773,0.196868,0.712007,8.119226,4.573514,5.593913,2.029013,0.841261,5.345172,0.748221,0.838965,0.694815,1.980035,4.288487,3.704898,1.607024,1.384473,1.889421,1.893209,0.464244,1.318530,2.055225,1.777902,2.158796,3.117465,6.780744,7.338385,4.192170,6.585570,4.092131,4.433709,3.679467,4.256032,6.244564,3.235719,0.653015,2.354208,1.859108,1.507747,3.426380,2.745337,1.063069,1.510638,0.390059,0.885454,0.981817,2.572328,1.604061,3.406889,2.973968,3.488617,3.468547,2.717460,0.503221,2.443236,2.638625,2.676813
1.116541,0.585363,0.409908,1.676771,13.031065,1.229864,1.848783,1.258250,2.412433,10.411062,3.070842,3.875152,1.647403,2.470206,5.527368,1.774510,0.749181,1.067307,2.220558,3.701211,2.377708,0.606174,0.695468,2.084971,1.786884,1.580528,1.094981,2.367419,2.300971,2.160812,2.710725,0.608812,1.611934,6.195145,1.272967,2.918463,2.904828,6.536956,8.804282,0.401954,2.506202,1.857866,2.645843,3.099785,2.327367,2.273514,0.644546,2.029404,1.980893,1.636041,2.431932,2.653532,1.504007,2.724454,2.201460,3.081292,4.421980,1.903209,1.339866,1.831145,0.986973,0.833287,1.336288
0.939974,1.131214,1.328181,1.838666,13.295156,0.664532,1.591546,1.120977,1.483071,10.268498,2.863091,4.343594,2.309963,2.224606,5.807538,2.494412,0.866723,0.899732,0.599267,2.783294,4.443301,1.614066,1.574085,1.286694,1.549801,2.974941,1.863217,1.399220,0.462118,0.129580,3.736037,3.265942,3.406732,4.104063,0.382154,6.774154,3.143936,1.357964,2.044240,5.616866,10.116616,1.953406,1.228504,2.296558,1.550138,6.526431,2.559362,2.872025,1.309529,1.759356,1.042232,0.885176,0.790953,0.340274,1.430070,1.921703,4.041763,3.598509,2.011479,2.307693,4.246869,1.541042,1.408799
1.015381,0.602918,1.070835,2.631121,10.876908,2.032945,0.751501,1.034959,2.521689,6.037219,0.843716,0.164314,1.441760,4.044282,2.477758,1.779132,0.653791,0.637428,1.617816,0.570819,0.488081,0.558147,1.537993,2.160302,1.283288,0.880970,0.764263,1.842264,0.899537,0.789748,0.889310,2.850203,4.534989,7.870834,1.853724,0.592651,2.527860,6.216630,2.750458,2.338759,3.839700,4.501258,1.644017,2.486843,0.545726,1.132777,2.636384,1.542584,0.505540,0.197944,1.056748,1.073229,1.258766,0.847889,0.686877,1.130128,2.387937,2.872236,1.419064,0.544524,2.274647,1.347569,0.114525
0.610543,0.502194,1.632136,1.796918,11.116078,2.186299,3.703972,2.845462,3.182162,9.535094,8.384787,5.783103,2.099655,2.709880,5.386641,3.104887,1.540574,2.017814,1.180142,1.279916,5.373353,2.388462,2.641157,2.141726,1.515488,2.276155,1.613001,0.490828,3.201206,1.106723,0.441545,6.823667,7.757084,10.882840,3.061284,2.435288,7.237035,6.266625,3.364300,6.682542,4.132560,2.258694,1.963190,4.846684,2.374508,2.523463,3.978897,1.703101,0.905318,1.088484,1.390975,1.050809,1.347036,1.616861,1.985863,1.630260,5.244121,4.257230,4.822795,3.604707,2.063418,2.568186,4.991080
0.738804,0.564963,0.812132,2.480641,13.874390,2.313239,2.567080,1.941539,2.617688,8.348880,10.974016,7.875957,3.614664,4.095284,4.977994,3.664220,2.042582,0.932087,0.600881,1.682557,5.156409,2.950922,1.719913,1.012913,1.963430,3.181916,2.878258,1.579787,2.865884,2.638351,2.045025,7.396661,7.419477,8.363694,3.808594,4.101253,6.497370,9.740379,7.994149,6.165775,2.420079,1.863479,2.536208,4.132885,3.034958,4.322134,5.165527,3.176682,0.987451,1.021175,1.061981,1.629823,3.077923,2.012928,1.707541,4.176436,0.894711,5.802229,5.477219,3.008946,2.590825,1.426731,2.032743
0.074638,0.630736,0.142275,1.163115,13.010064,1.445096,1.176866,1.531626,1.300441,9.206334,3.591824,3.506793,1.102364,1.709841,8.743925,0.690543,0.280127,0.604939,0.928505,3.022903,3.198830,1.287343,1.374609,2.045000,3.775422,2.335668,1.407418,0.644869,0.826597,1.946030,5.025455,3.575745,3.997779,6.635084,3.976679,7.067610,7.869054,7.235263,7.439585,7.901096,4.956860,2.726828,2.989191,3.324840,3.234872,5.498773,2.428429,2.360057,1.164035,1.410704,0.492416,0.689530,0.690301,0.813127,0.992997,2.850811,2.707409,1.676296,3.822881,5.484309,3.449993,3.147440,2.544326
1.438648,0.977847,0.254789,1.302676,14.195192,2.659194,0.580959,0.953643,2.324305,6.818902,0.321174,0.727925,0.366957,2.238217,6.185033,2.049014,1.357162,1.548682,2.410965,1.328832,0.321235,0.301796,0.729062,2.127798,1.940530,0.954172,0.585908,0.787705,1.800142,0.252289,0.850006,2.358163,2.710291,4.583283,1.330466,1.233738,1.134868,3.892424,6.375313,6.548667,3.330353,2.770442,2.245044,3.033021,2.254710,2.508716,1.798891,2.141820,1.247661,1.979040,1.412780,2.037151,1.898512,1.560058,1.091535,1.084973,1.348879,1.416688,1.750033,1.448225,1.774502,0.552716,2.571206
0.515288,0.339172,1.205493,1.645405,7.990874,0.992822,0.647318,1.117682,0.658930,4.885565,1.927464,2.942552,2.198082,3.348533,2.427202,0.751707,0.259930,0.393531,2.032808,2.752634,2.686241,1.853604,1.596367,1.817242,1.737463,0.896378,0.439826,1.149098,2.834467,0.332423,2.309015,2.220617,3.310675,7.016642,3.750149,1.983627,1.876984,0.884594,5.058504,4.386053,4.573030,1.564850,0.827546,1.686961,1.789492,2.485855,1.527802,0.645929,1.518909,0.860877,0.777325,2.828444,1.954621,1.472046,1.583007,1.537888,2.014974,1.360225,5.856291,4.234736,2.019383,2.592097,4.061166
1.238410,0.586133,1.384669,2.167751,8.923648,1.511790,2.452652,1.342050,1.584945,5.485827,2.788623,2.849502,1.892788,4.120842,1.664330,1.061577,0.376515,1.011311,0.880828,2.969589,3.215038,1.061903,0.903432,2.335727,1.636740,0.804835,0.756802,0.821932,0.934243,0.360307,1.571196,0.918911,1.000202,7.549190,5.230887,2.390018,3.314745,2.622088,1.354659,1.514020,1.834393,1.806811,0.567924,1.906820,1.657384,2.037228,3.112456,1.005502,0.824481,0.668343,0.574168,0.247844,1.314786,0.486030,1.334777,1.872955,4.034020,0.669331,2.655063,2.942213,4.519642,1.271316,1.508223
0.241186,0.388782,0.762609,2.150709,8.321899,2.565532,1.562326,1.472054,3.124606,1.987391,1.792081,2.983514,1.277667,4.633440,1.833721,1.213466,1.036063,0.624026,0.742267,1.096933,1.481582,1.509221,1.638835,1.068777,1.108066,0.116616,0.597379,1.103594,1.828575,1.248631,1.336903,1.869719,3.561980,11.167698,3.804286,2.084661,2.317202,1.209545,1.581529,2.907012,4.174494,3.782374,1.330661,3.326168,2.561531,1.804022,1.086209,1.001581,0.728732,0.610575,0.980251,1.325841,0.820562,1.035721,1.458436,1.471508,0.374132,1.998147,2.489719,1.631281,2.488086,1.836402,0.406032
