0.302338,0.337385,2.069212,3.129868,4.531005,36.187145,6.453629,3.764907,5.676285,8.920170,20.727776,28.926491,17.389080,7.426651,10.421730,12.515951,29.341496,21.698326,11.075190,4.267605,3.346114,8.173439,17.791508,4.473422,2.752889,1.756039,2.760410,3.430690,3.596246,2.177862,2.911234,1.162110,0.561529,1.686341,1.907604,1.479373,0.894968,1.041590,2.830577,0.281403,0.566784,0.940199,1.136092,0.600252,1.082849,1.674296,2.659572,1.623125,2.061053,0.837993,2.919877,0.476542,1.860515,2.569971,0.961855,0.651424,2.564312,2.178973,3.237944,0.535521,1.915852,1.061623,0.933169
2.034744,3.181388,2.630023,3.627197,4.829110,28.705038,7.583845,4.418746,2.165771,5.130378,17.830770,21.055372,14.290671,5.283603,6.359671,8.439663,17.040020,18.748196,10.698675,6.118261,6.395110,9.703806,16.798969,9.948993,4.853305,2.388575,0.902131,2.288731,2.619395,1.286982,0.506851,0.634814,0.572907,0.972241,0.436736,0.940859,0.184034,0.780892,0.590113,1.097634,0.954038,1.139731,0.544183,0.802679,0.876927,0.130536,0.784527,0.796507,0.594633,0.994992,0.926229,0.924971,1.273964,0.183777,0.103719,0.369774,0.298112,1.080720,0.716333,0.872236,0.832593,0.417351,0.502411
4.244274,2.817622,4.140338,7.197529,8.126666,29.469086,11.909075,9.885251,8.871673,13.504319,27.896564,20.579800,9.689273,1.716208,1.864145,8.669221,31.500309,17.005369,12.395490,6.264500,5.645429,5.177884,15.722636,7.486295,4.503369,2.953436,2.623347,0.918867,5.157785,0.962114,0.820428,1.303355,1.435088,0.561653,1.534882,0.472510,1.568896,0.774244,2.582117,1.905848,1.266815,0.489232,0.875010,0.715757,2.671234,1.198655,1.384372,1.258906,0.640988,0.131178,2.214614,1.494566,1.393043,2.245452,1.064198,1.005523,1.144487,1.373444,0.954164,2.977042,1.454125,2.450359,1.194855
3.448867,1.162529,1.751309,1.790156,1.605049,41.625999,11.324287,6.035760,8.076385,10.761780,22.188162,29.193249,20.741865,5.588629,8.738429,13.556476,26.852804,26.113199,12.694191,7.052258,5.786806,9.827884,22.943789,7.612116,5.867938,5.384936,4.347083,6.034549,5.260902,4.391706,2.243789,2.158693,0.965254,1.573299,1.148986,0.981337,0.741142,0.717754,1.614739,1.362385,1.953934,0.759520,1.547907,1.703427,0.762134,1.827113,1.691918,1.763879,1.037943,2.495038,1.489880,1.089225,0.350598,1.834063,2.319296,0.421011,1.019104,0.967546,2.022548,0.870435,1.349380,1.970113,1.436121
2.907597,2.933751,1.200191,4.346503,8.019878,35.885891,9.574239,2.331467,3.767892,6.970035,23.859287,28.400879,19.675457,7.871782,11.800023,16.637774,41.641438,20.532890,12.674086,5.829566,7.240552,10.620484,22.599226,6.454405,2.965436,0.996627,0.598855,2.737804,5.689097,2.581102,1.559332,0.323554,1.035895,1.640733,0.853334,0.667484,0.751742,0.779711,0.417975,0.252970,0.640283,0.144748,1.118705,0.723356,0.337607,0.614156,0.797395,0.622664,1.021022,0.390369,0.525951,0.136477,0.366211,0.769926,0.483407,0.625929,0.613451,0.557387,0.390490,0.543739,1.088839,0.372379,0.595077
1.419294,1.249495,1.373184,1.220268,2.065648,37.497341,7.652946,1.232597,0.452590,1.757443,5.491026,41.472469,14.415697,5.837759,4.650741,4.119090,12.415090,45.222782,14.324900,7.117956,3.333398,5.464261,5.446305,8.797887,4.152470,2.788431,1.413090,0.958086,0.801318,2.403909,2.137304,1.398407,1.368435,0.797690,0.841968,0.850734,0.820575,0.840772,1.103626,0.932515,1.458331,0.794853,0.807915,0.665308,1.049774,1.037903,0.735183,0.614536,0.940493,0.445151,1.043897,0.756963,0.481782,0.386683,1.294578,1.038643,0.874411,1.134228,0.671759,0.614598,0.756845,0.381069,0.784880
1.358634,1.935220,1.557278,3.685675,7.850061,31.379471,11.686321,6.264749,7.998816,11.569325,25.225870,23.295244,9.917691,3.786571,1.558604,6.090434,24.647341,24.440485,12.524242,7.202443,4.936080,4.207240,12.284359,10.720000,6.139371,4.805907,3.747722,2.519257,4.159593,1.787849,2.745947,2.129670,2.125402,2.090669,2.381316,1.764541,2.283113,1.663084,1.627677,1.164185,2.177139,1.823339,1.949603,1.978004,1.682393,1.484110,1.395988,1.850321,1.667100,2.129708,1.533342,1.298467,1.592907,1.595919,1.113976,2.222072,1.449043,0.837299,1.681833,1.890548,0.533763,2.140438,1.852621
2.534987,0.731054,4.430641,2.730334,7.607727,29.845407,4.645885,1.847766,3.890063,5.832356,17.790625,28.741661,9.578249,6.638932,6.540550,9.026059,29.276424,16.062677,8.757465,5.188529,4.732478,4.075405,20.612881,7.762766,2.149283,0.800732,0.977376,1.279710,5.114688,0.833845,0.264124,0.187061,0.486266,0.721940,2.076001,1.029919,0.191279,0.386522,0.410424,1.135027,1.292342,0.557147,0.674344,0.636536,0.449208,0.933705,0.772790,1.028738,0.722142,0.736776,1.155566,0.443564,1.582780,0.336951,0.452506,1.335060,1.801022,0.727978,2.838549,1.447907,0.688499,1.301047,2.564649
1.374979,3.018369,1.158959,0.594230,1.313450,35.679295,6.588702,1.052420,2.364877,2.122635,7.159750,36.613266,13.613894,6.434286,5.571422,4.483160,9.021295,38.909508,6.570227,5.596506,2.180932,5.618031,7.999884,14.931906,4.730929,3.142634,0.789956,0.360778,1.270265,3.205631,2.457405,0.932734,1.203026,0.386099,0.279553,0.674212,0.459815,0.436395,0.464359,1.894657,0.326122,0.709099,0.285978,0.371728,1.408540,3.066562,0.333460,0.121567,0.701816,0.490539,0.600883,1.489265,0.926232,0.626077,1.053963,0.494385,0.238999,1.491260,0.872816,0.514433,0.295094,0.813198,0.253320
1.657649,1.357342,2.981112,1.189739,3.610997,32.886028,6.512661,4.703627,5.047567,8.228573,17.401325,27.310207,10.973820,5.946490,6.400647,7.582652,21.745201,27.204218,10.905708,5.990806,3.091529,5.144763,8.211211,2.874338,2.776892,2.485865,2.431607,2.733910,2.395128,2.520073,2.393605,1.998350,1.429525,1.012762,1.226851,1.757263,1.150164,1.652512,1.482466,1.401113,1.377161,0.856014,1.152674,1.111570,1.059849,1.641606,1.182749,1.483119,1.073136,1.526464,1.727774,0.080741,1.165503,0.624925,1.712394,0.385361,1.210800,1.105297,2.650725,1.608215,0.574558,1.274206,1.534087
1.831160,2.054341,3.015283,2.842628,2.279359,30.375093,4.833604,2.564651,3.527638,5.184843,11.187538,31.595030,11.275240,5.273747,6.301051,6.328407,15.065893,26.494507,9.631330,4.196693,3.884822,5.411089,7.786747,5.179281,2.072085,1.588202,0.998488,1.174663,1.424680,2.011718,1.656576,1.158727,0.683531,1.083678,1.635449,0.967089,0.958495,1.359376,1.329957,0.988000,0.654426,0.560024,1.257831,0.345640,1.242139,0.991852,0.777645,1.629588,0.284262,1.430114,0.531547,1.222943,1.292400,0.927643,1.652477,0.794368,1.615122,2.768965,1.857257,1.813006,0.835713,1.291739,0.322154
3.849617,0.612982,1.175191,2.088795,6.654181,24.758860,11.678945,8.641706,8.450803,14.045062,35.217140,24.819237,7.348003,5.601147,2.771555,5.143272,28.699617,6.384719,4.609206,3.196629,3.273111,1.413418,16.996975,3.186944,0.909635,0.699020,1.029526,1.754757,2.513518,1.604809,1.376011,1.002234,0.979055,2.334378,0.935856,0.649591,0.123247,0.751495,0.612991,0.289718,1.738336,0.691550,1.049563,1.265602,1.171516,1.021970,0.675352,0.483784,0.248308,0.268192,0.569283,0.689339,0.957368,1.887458,0.511050,1.363889,1.022219,1.366435,0.914097,2.239518,0.302133,2.306149,1.743398
4.599494,2.945847,1.270658,3.766076,4.352710,35.572758,13.029556,7.045074,6.813356,9.951519,17.200418,34.094357,9.944543,1.921338,0.495860,5.291814,17.732609,47.168453,14.914201,5.529162,3.957621,1.076408,4.211118,12.201599,5.912155,4.074440,3.241149,2.691729,4.963617,2.615433,2.525808,2.496471,2.525693,1.929701,2.439636,1.072953,1.382367,1.175819,2.030869,1.811650,1.642605,0.667585,0.392987,0.064326,1.393215,0.552236,1.153304,0.334170,0.645329,0.393583,1.933986,0.185489,1.820339,1.262842,0.414386,1.224077,1.828344,0.512237,1.589988,1.323579,0.831469,1.416954,1.242238
4.231718,3.740971,2.324578,5.029848,7.707093,27.337299,6.581380,4.521855,4.695539,6.997024,17.582918,30.300045,13.838836,3.587579,5.053423,6.517682,17.234409,30.143076,10.999337,6.714649,6.056427,3.890200,9.022999,8.602455,3.721774,2.836504,1.942780,1.785179,2.316548,2.636515,2.133958,1.573989,1.510295,1.491180,0.781059,1.287810,0.620355,0.441279,1.293826,1.837002,0.506334,1.072841,0.621064,0.970994,0.459455,1.503885,0.201592,0.580805,1.250542,1.220634,0.954260,1.471121,0.859197,0.174940,0.945033,1.577813,1.472316,1.477406,0.620839,0.381715,0.929850,1.076352,0.913784
2.545959,1.579497,3.981589,1.786005,2.520810,35.924389,10.948088,5.097338,6.296946,9.144586,16.436237,34.442352,16.087765,3.623173,5.653008,8.520526,17.315044,32.717041,14.564968,7.311761,6.738307,7.025536,12.803960,9.335270,5.472006,4.463516,3.677445,3.353597,4.024230,2.606329,1.630215,0.782995,0.631024,0.706988,0.910832,0.313125,0.583196,1.601874,1.164277,1.257724,2.197412,1.539415,1.288761,1.024536,1.022807,1.806015,1.984191,0.950672,1.224294,0.441946,1.040134,2.294282,0.661277,0.955226,1.344561,1.214825,1.011193,3.380604,0.176244,1.274843,4.084176,0.419800,1.037282
2.668177,2.603838,1.369721,1.701085,4.041014,32.571732,8.415056,2.959772,3.099264,4.005845,7.245309,39.343414,17.220678,8.232731,4.408877,3.062267,6.955124,24.864902,13.521770,6.729090,3.956654,3.273993,0.627039,2.838663,3.306412,3.429960,1.844390,1.646803,1.297747,2.567759,1.779907,2.107060,1.600482,1.001792,1.383433,1.423591,1.555939,0.963320,1.277300,0.954599,1.090449,1.129352,1.290823,0.171667,0.707542,1.276111,1.015059,0.795115,1.074871,0.637244,0.598673,1.201314,0.954864,0.984766,0.399730,0.743151,0.802751,0.821410,0.591575,1.159071,0.629586,0.636066,0.264528
3.689864,2.150266,2.926640,4.165359,5.085641,29.415047,4.945649,2.391775,4.034613,7.187335,17.243914,25.404449,13.681264,7.662149,8.268240,9.058857,22.351362,17.313095,9.517243,4.639661,1.995761,3.729577,6.846030,1.416361,0.275301,0.520252,0.409327,0.416449,2.463056,0.361663,1.009894,0.749942,0.961202,0.595656,0.721696,0.594276,0.971871,0.356310,0.790194,0.700484,0.883148,1.399902,0.365465,0.422373,1.229660,0.315679,1.344046,0.722230,0.887816,1.105154,0.792217,0.656571,0.878406,1.271174,0.934494,0.655058,1.498187,0.399487,1.551348,0.588611,0.818878,1.672412,0.760227
1.327658,1.938673,1.170422,3.684561,12.817431,28.893085,13.069386,7.205842,8.068124,10.655304,38.200191,18.287220,7.739357,3.091490,1.599596,5.342988,38.848442,2.876419,5.699690,5.275174,5.601048,9.145090,14.366508,3.917489,1.447573,0.829524,0.172777,2.722996,2.785128,1.730710,1.855643,1.747541,0.699614,2.446741,0.716031,0.996636,0.448618,1.056054,1.421224,0.924013,0.524987,1.846248,1.109561,0.906351,0.891521,0.814349,0.285934,0.503519,0.469232,0.945910,0.552496,0.169651,0.787276,0.371689,0.221409,0.365786,0.719152,1.035172,0.675012,0.676694,0.246946,0.471059,0.648960
1.818200,4.507060,2.552641,5.852735,15.052080,33.225941,15.703155,10.998830,8.855960,15.226327,46.608070,22.018103,7.802844,5.654572,2.505626,3.192749,49.437729,5.911661,6.455180,5.161691,6.590584,9.804642,9.722874,4.975186,2.071369,1.279714,2.125095,3.905828,2.640059,0.512595,1.095207,0.601145,0.849471,0.318252,0.880765,0.430988,0.906560,0.184073,0.638208,1.468148,1.155859,0.394073,0.603447,0.214593,0.700094,0.398664,1.171049,0.499541,0.659065,0.799933,0.687603,0.779620,0.821879,0.668231,0.423001,0.852411,1.147520,1.394250,1.351081,0.552565,0.820935,0.722766,1.181354
0.863253,0.624813,4.907986,3.405626,9.924511,29.492090,8.915061,4.752378,7.286464,9.468016,35.116066,23.394785,14.748155,4.633459,6.346706,9.871556,42.488178,6.640723,6.293131,2.087640,2.444071,6.740291,20.008972,6.246632,3.275358,2.642217,3.011664,3.854472,2.279787,0.910913,0.392862,0.918490,0.995499,0.124941,1.432837,0.524293,1.490384,1.429358,2.434506,0.608147,0.692849,2.235474,0.184281,0.773804,0.816064,0.968551,1.358792,0.298603,0.801829,0.704500,1.645924,1.112680,0.533699,2.518362,1.733441,1.563233,0.759792,0.455810,1.215152,1.420825,0.914393,2.224823,1.116710
1.395243,1.619529,6.337582,6.629920,17.416794,18.837811,11.680477,6.821565,3.337329,7.524422,43.811409,10.654264,5.063460,5.961441,6.661284,16.711689,31.430489,8.728734,7.513383,2.367072,1.958668,19.553640,2.631726,5.116143,2.901847,1.942556,1.433819,4.816670,3.281623,1.602550,2.062627,0.924102,2.832953,1.449090,2.124799,1.670631,1.932721,0.529380,0.286893,2.127291,1.340795,1.936071,1.957466,1.359393,1.631328,1.862070,1.122244,1.333614,0.417090,0.177652,1.350436,1.383784,1.670777,1.539793,1.494374,1.823153,1.851866,1.084106,0.933225,0.813726,1.386689,1.716426,2.117272
1.663137,0.696828,7.201929,4.108825,12.703441,24.433510,11.056182,4.860373,5.987178,9.753035,41.533707,23.146276,7.449493,5.058013,2.613547,0.731019,44.876427,3.764178,5.590779,5.926090,7.535439,16.403685,12.976889,5.698495,3.218301,2.072230,1.883054,3.362788,3.384727,2.608271,1.220514,1.373625,1.209373,3.458621,1.592948,1.227135,0.745661,1.042224,0.844189,1.309279,1.180752,0.925436,1.734102,1.055043,1.241192,0.585592,0.816321,1.000951,0.620706,1.233711,0.733639,1.154177,1.560361,1.693368,1.388828,0.961824,1.834184,1.528676,1.515591,1.064858,0.919110,0.810845,0.857464
3.778013,2.459016,4.038044,3.541151,8.269748,26.723028,12.186058,9.052642,8.234784,13.435989,28.689083,22.212152,5.744812,2.036442,2.709591,5.257106,29.591095,11.736276,8.689921,4.827034,3.745470,2.815385,10.874517,5.857902,2.588148,2.279355,1.880702,2.005353,3.458682,0.222226,0.902196,0.939856,0.594615,1.133832,1.617873,0.487143,0.722878,0.732136,1.132874,1.048120,0.968875,1.023961,1.042872,0.697058,0.567425,0.364485,0.528617,0.467374,1.073765,0.551364,1.393873,0.592904,0.300243,0.767616,1.310597,0.785510,0.743924,0.390974,0.221019,0.484193,1.912742,0.454712,1.004804
2.922478,3.017164,2.999365,2.870964,6.499644,24.239927,10.787471,9.218865,6.743061,11.542795,33.523052,25.111599,5.985061,5.558712,2.649130,5.388279,31.263960,5.719296,4.420604,3.618661,0.775542,3.138517,14.954182,5.142497,0.500019,0.908665,0.694995,3.095575,3.052124,2.107444,0.972149,1.658422,1.301961,2.470733,0.937555,0.997509,0.296514,0.978900,0.872985,0.848156,1.517331,0.511165,0.643742,0.725350,0.672512,0.312493,1.270254,0.583379,0.272397,1.342044,0.376903,0.702317,1.303327,0.795551,0.608789,0.854975,1.061959,0.858468,1.783058,1.976743,1.360156,0.852403,0.696273
5.290013,4.850517,5.081533,8.039405,14.732068,20.680567,6.544559,1.897337,2.394006,7.896272,36.222572,25.155403,7.882216,9.723350,6.346349,7.453944,39.755009,5.543871,6.189741,3.233627,1.752638,4.890732,15.696918,6.768518,2.647383,2.479777,2.938254,3.218282,4.043673,2.140595,1.839478,2.118989,2.392284,2.571246,2.390390,0.809018,2.157089,1.431022,0.120947,0.777388,2.002307,1.010345,1.534820,1.704619,0.733631,1.464282,0.457984,2.117840,0.866599,0.077311,0.692329,2.041399,0.785505,2.635473,1.609178,0.235572,1.965522,1.463698,2.475260,1.483096,0.848467,1.158126,3.424095
6.802807,4.174561,7.495885,4.520440,0.799051,1.011854,1.417333,0.880818,0.354416,0.758484,0.820871,0.491759,0.446475,0.195737,0.609520,0.257402,0.515998,0.508203,0.366495,0.322424,0.369497,0.263877,0.312412,0.211588,0.233137,0.159076,0.241765,0.233460,0.181089,0.254074,0.187803,0.129551,0.178901,0.216047,0.208267,0.183188,0.176422,0.234136,0.270811,0.146374,0.146484,0.078756,0.147039,0.199561,0.215130,0.188861,0.175435,0.202857,0.190737,0.233815,0.147191,0.111888,0.103862,0.203583,0.125477,0.124215,0.147633,0.121304,0.131718,0.107842,0.159011,0.192838,0.193456
1.094124,5.302630,1.005584,3.440278,6.105390,30.173065,5.865831,4.274538,6.622248,9.677565,21.512331,27.345289,13.422655,6.751995,8.789070,11.416765,32.376480,13.473349,10.061639,5.522226,5.642150,4.727073,28.698696,9.035082,1.936778,1.537335,2.326283,2.962547,5.786237,2.288262,1.270684,1.847658,0.884715,1.742979,1.786555,0.244144,1.009470,1.401538,1.244063,1.283580,0.666211,0.760298,0.555344,2.285650,1.010775,1.649140,1.122117,0.772411,2.436059,0.531045,0.865000,0.235431,0.558855,0.134293,2.094282,1.497387,1.824068,1.843354,0.467761,1.233643,4.079045,0.484562,0.709932
3.466233,2.277052,3.937144,6.202764,12.135893,31.153532,8.129576,4.729096,5.139313,11.461184,36.635376,28.639170,13.490630,8.534433,8.686956,12.780483,45.693626,9.247524,6.572439,2.310577,1.446220,3.444158,24.360632,6.457208,1.893622,2.395099,1.958595,1.554672,5.646626,1.380293,0.657605,0.297301,0.898581,1.213267,1.968162,1.539827,0.519247,1.198013,0.993379,1.117406,0.392727,1.737574,1.085307,0.565274,1.644155,1.384298,0.410299,2.120823,0.536440,1.203792,1.927905,2.571290,0.925908,2.635631,0.375324,0.841068,2.178242,1.301287,2.746743,1.118415,0.651472,1.504922,3.091019
1.959468,2.577844,4.231715,5.282971,13.119997,20.026709,10.884525,7.241122,6.727343,10.647185,39.910408,18.124298,3.915434,3.900179,2.114891,6.861290,35.956806,4.844752,4.166495,1.762614,2.747640,12.237149,8.012684,7.278785,3.352740,2.223367,2.549675,5.360490,2.642718,1.548640,1.462620,1.625205,1.978651,0.595071,0.377734,0.891988,1.359907,1.204201,0.961641,0.394505,1.401288,0.782417,0.443714,1.636323,1.331705,1.348919,0.315146,1.027508,2.164100,0.823477,1.522993,0.499144,1.194580,1.047977,0.555138,0.778681,1.716819,1.073361,0.849796,0.952014,0.985236,1.649021,1.171913
3.876982,3.798321,1.586786,6.061609,21.175932,14.163669,8.331010,3.311365,4.152521,2.985568,39.171318,11.576398,4.499620,6.514732,6.904627,28.945198,11.356602,6.950669,2.883842,3.987890,7.725315,25.563406,4.861405,3.797299,2.445840,2.383171,7.172285,0.476170,0.735139,1.344858,0.392504,1.822014,2.628434,1.593076,1.554543,0.534987,1.137605,2.003704,0.476393,1.476232,0.955195,1.191588,1.276547,0.574401,1.219838,0.985858,1.247673,0.637317,0.380506,0.430172,2.189440,0.360626,0.511174,1.067573,0.705907,3.341357,0.935004,1.017944,0.827605,0.770898,2.174574,2.292287,0.397335
3.575354,2.635685,3.345744,6.315318,16.123190,20.610369,11.146610,7.007825,5.836354,8.170340,42.279099,14.655697,7.222979,6.325008,3.661283,12.913851,29.261827,6.259262,3.339203,3.176062,4.822554,23.175329,15.072882,9.207301,4.213099,3.020912,0.694874,5.426038,0.900829,0.947196,0.993035,2.178118,0.511079,3.089538,1.139218,1.010821,1.764600,1.379106,0.623748,1.548728,0.580330,0.619279,1.958420,1.065562,1.497781,0.645782,0.370263,1.012863,1.893309,0.543634,2.049000,0.672129,0.704703,2.047609,1.570098,0.441806,2.320782,1.165064,0.569334,2.721474,0.922035,1.678967,0.911883
3.755339,4.621883,1.850983,1.459497,1.909257,0.673300,0.986641,0.299446,0.462530,0.309867,0.142843,0.321723,0.507407,0.376838,0.479406,0.175750,0.071884,0.155820,0.266517,0.097679,0.155595,0.073419,0.155472,0.129179,0.186431,0.181333,0.136726,0.039734,0.078837,0.082402,0.110302,0.108373,0.090895,0.184637,0.026518,0.068028,0.136497,0.068984,0.196968,0.068338,0.078367,0.006497,0.116541,0.128128,0.087381,0.100896,0.115851,0.091025,0.056737,0.059153,0.082495,0.038729,0.040433,0.076724,0.008286,0.048397,0.123292,0.047060,0.063616,0.076055,0.140854,0.063779,0.066270
1.712739,1.840248,1.907048,4.147703,13.133193,26.744734,10.705421,7.984858,6.914497,12.420793,42.342823,26.481031,10.959435,5.521427,5.321132,6.146194,43.601681,7.524508,9.997274,7.211181,7.665346,9.777052,13.893304,6.754770,3.859014,3.893117,4.248675,6.714320,1.827959,1.840812,1.466566,1.589695,2.562037,3.284089,1.672444,1.831751,2.212224,1.390886,3.216261,1.476063,2.412388,1.826085,1.656485,1.070557,1.835927,2.143153,2.173171,1.383711,2.765191,1.261531,1.309484,2.158515,2.262004,1.343474,3.627825,1.338082,1.456533,1.591549,1.588868,0.275813,5.465061,1.609149,1.115956
6.557382,4.939456,12.105585,13.528874,27.696640,19.207167,7.705814,5.983839,0.469750,1.943594,59.874489,11.455304,3.373289,6.409256,9.623835,32.069065,39.421711,11.617976,11.367592,8.218124,14.810767,36.711761,4.463556,6.315906,4.367270,2.243091,7.324638,5.873520,3.647132,2.631998,2.945097,2.393603,1.290080,2.490245,2.924742,2.830916,2.184556,2.541935,1.921482,0.635423,2.223424,2.301226,1.192607,1.924294,3.137185,1.888647,2.492663,2.384237,2.026161,1.170899,2.143970,4.779154,3.295312,3.500867,1.761919,2.702882,2.807440,2.661386,3.992322,1.666364,2.158481,1.588191,4.455901
2.246383,4.327196,3.538712,5.285215,11.862431,25.210207,12.804678,6.897097,7.408173,11.822104,42.995495,22.797819,7.262067,4.959356,3.704216,7.887538,43.394238,2.111655,3.968355,4.189597,6.629027,16.388451,15.959949,8.877806,3.523771,2.725507,3.437853,7.665610,1.511132,1.863284,1.628311,0.637545,0.854672,3.595879,2.676421,0.882745,2.297855,1.447868,0.997761,0.392177,1.733037,1.377557,1.262833,1.276474,0.764247,1.791131,1.103802,2.346983,1.070769,0.485316,0.784599,2.438925,0.719953,2.217956,2.020097,1.377471,2.658387,1.752196,2.033522,1.243607,1.507589,1.098946,2.884854
3.048200,4.306827,5.523174,8.258876,23.201223,18.582203,10.657928,5.894868,5.812654,5.557230,54.938408,13.240260,5.181414,7.864763,10.080651,33.334499,26.177813,9.773073,5.372812,4.980196,1.668335,31.634590,3.777018,3.327371,1.582166,2.823936,4.392591,3.461565,1.518848,1.116428,0.616929,1.647867,2.691761,1.678833,0.611117,0.177596,1.138559,0.530741,0.370453,0.407956,0.440655,0.538995,0.835739,0.170144,0.175763,0.009122,0.953481,0.796254,1.311065,0.909404,1.424103,1.711296,0.564066,2.574595,2.302945,1.335948,1.073600,1.315497,1.606964,2.414463,1.562427,2.880277,2.142851
2.248001,3.513309,8.527546,9.522403,18.641571,19.397947,10.043454,4.278758,1.831188,7.892851,43.064354,15.922328,6.924094,1.710835,4.150162,14.676035,35.200531,13.746552,7.886162,6.264111,10.641922,20.539038,15.696431,8.729704,5.195658,4.041917,4.581239,3.682765,4.202450,2.078454,2.325270,1.122683,2.418890,4.122176,2.821138,2.626886,0.879120,1.244983,1.587110,1.169456,0.681538,2.183896,1.603653,0.958384,2.419032,1.917442,2.051975,0.539615,1.712361,1.240787,1.703462,1.036053,3.168664,2.271899,0.889979,3.688345,3.319717,2.592752,1.571951,3.117002,1.400315,2.384800,1.086715
3.526301,0.933693,3.686361,7.386287,17.223280,13.556328,5.684674,1.664488,1.223607,7.026962,46.837406,13.745338,4.815379,8.984965,9.026778,33.710567,7.749490,4.759851,4.007658,7.148208,17.177536,25.891130,6.542735,5.928048,3.495167,2.846094,6.076109,3.020343,2.677876,1.414593,1.796007,3.425124,1.536898,1.670223,1.095486,0.926514,1.976326,1.117913,0.412483,1.353655,1.093584,1.649719,1.352446,0.457100,0.977017,1.256013,1.120505,2.172076,0.682116,1.739813,0.705311,1.494508,3.467646,1.022316,1.751041,0.880173,1.859271,2.497038,1.502318,1.448164,0.522215,0.833160,0.707185
4.450495,6.010559,4.441281,10.212564,25.488308,17.693367,9.373211,2.312662,2.263008,3.435857,49.712479,11.728553,1.614197,5.077816,8.284775,24.597130,25.299658,7.676138,10.288550,9.452978,15.532844,37.853130,11.530287,6.883579,2.730631,1.693653,6.133085,2.063259,3.087360,3.121722,1.094368,1.307425,3.543612,0.777342,1.219771,2.597266,1.005251,2.118574,0.345024,0.400156,0.581061,1.475236,0.884865,1.880059,0.659449,1.003980,1.818905,1.222212,0.213656,0.778391,0.643963,1.980235,1.745693,1.824590,1.389610,1.106357,1.628724,2.540625,1.987226,1.645226,1.410686,1.187501,2.231776
5.020140,3.772762,7.263587,8.790323,23.521961,16.837557,11.305758,8.128769,8.009318,8.118345,52.304291,12.843867,7.427889,7.333702,5.812201,29.524385,20.839731,6.015456,4.065395,2.628114,8.817632,34.752102,7.842143,3.769494,1.225395,2.068413,4.772016,2.344054,0.537737,1.162225,1.301411,1.449657,2.871705,2.174520,1.090194,0.679713,0.823748,0.538681,1.583803,0.845597,0.880728,0.146491,1.608740,1.149662,0.640346,1.096514,0.567849,1.845817,0.418031,0.806736,1.390790,0.668958,0.890177,1.415878,0.755217,1.041949,0.985296,0.538075,1.220706,0.842999,1.769584,1.133402,0.420475
2.562478,0.368303,3.285075,6.789595,11.676613,14.702122,5.712799,3.380732,4.315747,5.214829,35.575233,18.370102,5.056932,4.146474,1.554827,4.239305,33.172428,11.287732,8.644450,6.132576,9.728696,20.740948,13.030361,7.144455,4.941577,3.502012,0.697513,2.776880,2.222382,2.472285,0.328622,1.041325,2.345978,3.463374,3.550351,1.160771,1.510529,0.826256,2.067221,2.832597,1.180864,3.231913,2.367422,2.062774,3.159048,1.501235,4.237608,0.580447,3.111888,2.301813,1.203606,3.990997,2.405518,1.789013,3.360963,3.929802,1.553092,4.074823,0.981243,3.705733,0.367229,3.021608,2.394818
1.586198,2.356029,2.817248,2.082174,8.016977,19.962070,12.503476,7.058149,7.778262,11.042584,29.626299,27.995068,7.493922,6.537988,4.525927,3.666060,35.426964,9.291635,7.386734,4.850267,3.707166,6.649574,22.612183,8.643310,3.056541,2.087830,1.521448,3.076860,3.387615,2.603358,1.462968,0.233162,0.783849,2.309771,0.416824,1.160917,1.918407,0.886014,1.389245,2.974082,1.526756,1.444958,0.888782,0.547533,1.030992,2.468917,1.787172,2.606971,0.329119,1.192778,1.498509,1.395796,1.459614,2.157994,0.751814,1.715446,2.624533,1.896622,2.514078,2.048131,1.204319,2.106484,3.194304
1.611348,1.734648,1.327914,3.764533,11.977325,16.663296,8.424095,4.282993,3.929252,7.161227,38.722038,17.602158,6.423367,7.071755,7.863986,12.365115,26.710951,6.001410,3.239883,2.743519,10.760903,29.760178,18.274084,12.559223,5.625087,4.008626,2.269545,4.033645,0.451571,0.477669,1.757339,1.798990,0.737985,3.434196,0.562296,0.728251,1.536411,1.187445,1.850264,1.276414,1.240286,0.360268,1.447941,1.333903,1.714664,1.276473,1.022638,1.049842,0.760443,2.204969,0.791380,1.174425,0.984625,1.326763,1.101689,2.020159,0.769611,1.068065,0.521721,1.350173,3.013318,1.312987,0.688072
2.568962,3.090810,3.985924,4.386769,9.948068,12.768198,6.969573,3.768271,5.071338,7.577676,32.341877,9.790346,2.650211,4.684040,5.220907,17.094948,24.334141,9.402481,5.410168,3.382338,6.205927,28.052040,8.579799,5.409931,3.128976,1.301493,2.469931,1.733040,3.265930,1.512235,1.243275,0.991889,0.774418,1.598610,0.440303,1.449751,0.432678,1.183989,0.164543,0.703844,1.769794,0.552204,0.977892,0.541937,1.170567,1.386144,1.312198,1.337938,0.553177,1.019599,0.150962,1.735997,2.255081,0.685093,1.171090,1.183371,1.235841,2.567417,1.611088,1.333128,1.147109,1.262933,3.745101
2.802772,2.160628,2.494829,1.658126,3.923728,19.767889,8.752654,4.496889,6.147097,9.318147,18.297718,20.372141,4.229162,3.123068,1.827851,4.434849,22.891632,18.186705,8.552272,4.252462,4.176412,4.202169,25.144955,11.748728,5.818664,4.226052,2.558678,1.794759,1.726164,2.355038,1.749417,1.285134,1.124914,1.781506,1.226592,1.743827,1.145973,0.198314,0.681919,1.849450,0.197684,1.618245,1.287219,0.993616,1.892469,1.481776,1.448459,2.092699,1.755533,1.399709,3.360703,1.637148,3.616286,2.290305,2.744935,1.168757,5.234723,2.968485,4.610701,2.746704,3.213115,1.406048,4.233675
0.805302,0.941634,1.258937,1.375861,0.784319,26.612797,3.421688,0.648186,2.223008,1.359218,5.824349,23.379400,7.828629,3.696024,4.848831,3.008789,7.588406,22.290594,5.904558,3.552041,1.813432,3.143751,7.370263,11.715767,4.871550,1.708050,0.326492,1.018144,0.855757,1.178552,0.077493,0.888555,0.430161,0.924156,0.523919,0.770332,0.549147,0.739874,0.561092,0.788891,0.389307,0.893976,0.684697,0.514467,1.127430,1.198207,0.523224,1.608975,1.763412,0.915544,1.751353,1.446921,0.255204,1.776521,2.143534,1.359623,2.000169,0.633632,0.806552,1.320124,1.818033,1.347060,1.133681
0.958127,0.682534,1.166769,0.285333,2.874531,22.960491,10.519907,5.139140,4.808049,7.435212,18.142771,16.995592,7.058849,5.834613,3.616992,7.987283,21.108191,10.660784,6.657569,1.294312,0.186693,7.096459,19.307154,8.214271,5.224183,2.172975,1.731702,1.002616,2.907936,1.360490,0.479293,1.458070,0.626819,1.332793,0.487990,0.990182,0.493212,0.844994,0.556565,0.559649,0.736263,0.647769,0.617306,0.702261,0.175099,0.518061,0.267505,1.153154,0.203234,1.002340,0.607089,0.232346,0.617597,0.679940,0.643581,0.904430,1.356009,0.942485,0.816023,1.105365,0.998936,0.429122,0.712204
0.041746,0.767064,1.717924,2.689798,11.513992,11.298575,4.216448,3.793309,3.391230,3.205818,25.852743,9.340898,5.826629,3.494533,6.892258,13.990355,21.443197,6.070177,3.721241,2.985617,6.590207,27.741579,6.755087,4.303356,2.041607,1.858957,3.635632,0.704368,1.219221,1.066364,0.885054,0.718041,2.673099,0.887788,0.284702,0.399870,0.812194,0.708339,0.913443,0.632069,0.292830,0.574379,0.728002,0.229440,0.378301,0.892018,0.258036,0.805470,0.555381,0.341829,0.211304,1.018901,0.457449,1.088428,0.586073,0.414970,0.865695,0.939061,1.059322,0.647271,0.574512,0.438961,1.297386
5.352554,2.449055,2.458143,3.619000,9.883680,10.310936,6.293501,2.209228,3.104679,4.277369,25.163736,6.155342,1.679805,3.323439,3.455167,9.855103,23.284355,6.828440,2.038895,4.289714,2.491384,13.158184,3.784687,3.155672,2.235380,1.977431,1.409607,3.018738,2.181396,1.165702,0.975529,0.814433,1.595945,0.209814,0.999966,0.986180,1.173768,2.215571,0.627432,2.027661,1.136092,1.118210,1.003651,0.510199,2.079167,0.342877,0.705756,1.006300,0.355910,0.854510,1.277237,0.948649,0.135370,0.556783,1.941418,1.518253,1.444278,0.833313,1.065289,1.272400,0.520320,1.205261,0.588043
1.025150,2.207736,1.523456,3.313816,18.216652,6.863246,2.374516,1.201748,5.554760,11.036051,15.025562,9.599950,4.101929,3.257214,9.100068,21.240080,9.245577,7.628112,5.801377,9.837629,27.643415,8.834007,6.831659,3.286268,1.267494,4.185689,1.036296,1.042440,0.492089,0.956940,1.946319,0.979568,0.963630,1.156965,0.591243,0.541245,0.177819,0.644829,1.461470,0.458482,0.625703,0.518206,0.268237,0.710975,0.217170,0.509018,0.397901,0.244528,0.466116,0.785116,0.494205,1.100872,0.535963,0.698927,1.859900,0.556374,1.798245,0.489830,0.158272,1.964703,0.109944,1.026380,1.308738
1.507893,1.538743,0.483504,1.842721,14.046544,9.656466,3.067893,2.183258,2.581424,3.557433,16.588232,6.399506,4.280786,3.226392,4.288488,23.763802,2.102516,3.599106,5.497220,8.035223,26.511156,16.322884,4.384994,2.760399,2.362103,1.713545,4.990932,1.335298,0.461545,1.179447,0.777825,2.621866,0.791446,0.647285,0.446844,0.563299,0.639332,0.978122,0.519217,0.501105,0.724412,0.460360,0.645320,1.365468,0.319057,0.250316,0.211873,0.537916,1.449165,0.348695,0.103329,0.505404,0.246567,1.282187,1.149139,0.291948,0.817054,0.636960,0.512682,1.710865,0.468766,0.427447,1.193314
0.839084,1.308150,0.720776,1.558782,14.148124,7.766272,1.859871,1.789934,1.968948,4.289401,16.422153,8.313345,4.078325,3.114534,2.650773,27.142406,0.545838,2.836195,4.261766,4.256581,30.399971,18.851994,5.369495,2.962065,2.503862,1.957956,5.054155,1.842535,0.199843,1.363948,1.034522,2.650566,0.272785,0.589696,0.577109,0.581569,0.660413,0.492651,0.647255,0.524928,0.215009,0.581640,0.420162,0.817927,0.328874,0.276649,0.719438,0.937163,0.974665,0.726606,0.212227,0.446537,1.113840,1.216076,0.181735,0.769591,0.852585,0.865514,1.820289,0.978205,1.187950,1.198675,1.113342
0.741622,1.899277,2.757147,2.608915,9.287376,8.853724,5.489348,2.853689,2.361413,3.785095,25.551859,7.565705,2.565737,3.076839,4.874868,13.803128,15.161491,6.041257,2.309072,1.767365,2.072721,21.985916,6.078551,3.068800,0.346829,0.410119,1.280322,1.533364,1.275052,0.431906,0.654176,0.462051,0.712383,0.780392,0.382475,0.355189,0.571697,0.294369,0.793956,0.467041,0.586196,0.440864,0.224574,0.441888,1.016093,1.038257,0.591567,0.234702,0.532287,1.071893,0.267877,0.389974,0.204845,0.299471,0.753164,1.144706,0.308671,0.225355,0.521018,0.441967,1.205069,0.604724,0.652189
1.671308,1.275966,4.063136,3.966468,14.792448,9.912485,3.647927,3.879922,0.685162,1.060019,28.210907,6.864820,3.263326,2.306349,5.361078,22.402433,15.237412,9.702224,4.353459,5.570332,9.465977,30.744280,7.645716,2.424517,0.846279,1.308931,2.675723,0.966483,0.862837,0.614340,0.391127,1.528369,0.989459,0.698675,0.285949,0.905360,0.923627,0.098422,0.274517,0.640809,0.304245,0.654268,0.632551,0.933540,0.884649,0.642126,1.340374,0.799132,0.149605,0.350001,0.564277,0.277649,1.247244,0.911610,0.836550,1.479464,0.227036,1.156425,1.239305,0.470490,1.064494,0.998613,0.652447
2.289401,2.448567,3.499390,4.820193,12.827345,12.590464,8.473953,5.078694,3.797546,5.388232,33.535919,7.709167,2.939140,4.455705,6.050806,17.600666,21.901991,6.432046,4.817761,2.626803,2.530385,19.777712,1.634024,1.396694,0.999111,1.418384,2.669115,0.865065,1.636664,0.963006,1.405712,0.862956,0.486778,1.377636,0.851451,1.100736,0.440627,0.972409,0.463002,0.440834,0.655403,0.334204,0.554602,0.128801,0.184104,0.320646,0.925322,0.203612,1.174573,0.449920,0.753437,2.101173,0.526133,2.667137,1.057083,0.853277,2.085680,1.085533,1.618760,1.563561,0.003718,0.511508,2.630349
0.748971,0.868805,1.872952,5.191309,17.071486,14.479477,6.639727,4.721707,5.036517,4.372058,30.185583,7.717565,3.960875,5.241372,5.737803,20.035183,21.260988,9.413886,7.352449,6.316227,8.714175,35.480656,10.309752,5.891548,3.960986,3.643677,5.222030,1.414886,0.737065,1.420820,2.188975,1.819950,1.134651,2.072307,1.638843,1.866242,0.861019,1.090379,0.845266,0.553554,1.138469,2.242090,1.125603,0.166261,0.878803,1.052142,0.427248,1.513948,1.529320,0.875001,0.391967,1.316908,2.065914,1.134555,2.076455,1.163282,0.876918,1.994968,1.773008,3.069329,1.161350,2.659547,1.327233
1.033723,1.517134,1.835694,4.095278,13.540418,12.112857,1.537719,3.048130,1.938150,1.364688,30.652157,8.548079,5.260502,5.704772,6.486631,21.403130,13.927932,5.033798,2.151684,0.595727,5.514379,33.649433,5.821624,3.193195,2.147823,3.055169,4.516790,0.584094,1.666125,0.839058,1.304094,0.986957,0.884777,0.738316,0.418408,0.651035,0.847610,1.387045,0.811187,0.605794,1.052829,0.480851,0.793520,1.045296,0.773081,1.241117,0.648931,0.921083,1.753102,0.901946,0.894183,1.401978,1.528072,1.531261,0.392305,0.291980,1.196590,0.649562,0.732323,1.095400,0.398807,0.784068,0.939617
2.200391,2.606512,3.190821,4.122376,16.329412,1.479414,1.636043,3.925745,3.910241,11.715984,9.662478,5.439410,2.667614,2.175419,7.330374,15.309698,3.673548,2.913812,0.417171,6.492411,35.834545,5.327581,0.466633,1.370927,1.427156,4.158616,1.600636,1.022087,1.256808,0.890024,0.722742,1.377156,0.615494,0.785766,0.502276,0.310615,0.706527,0.609949,0.376510,0.267672,0.307858,0.242278,0.952417,0.283483,0.469897,0.299744,0.313923,0.878783,0.489498,0.989243,0.587421,0.419717,1.968392,0.321176,0.619775,0.975613,0.666009,1.066666,0.849962,0.667690,1.287818,0.791857,0.796718
1.822310,1.525215,2.095347,5.264750,13.639506,8.567579,4.006207,2.995107,3.164767,9.405305,10.660959,2.405724,1.875401,0.836303,1.767477,23.365213,6.195286,2.972632,5.399264,8.549521,42.812737,12.592537,4.096087,2.145332,0.582996,1.524890,2.288220,1.561998,1.315720,1.724724,2.378332,2.928563,0.729772,0.561377,1.547154,0.998441,1.544268,0.786131,0.709381,1.561406,0.189261,2.016774,1.136819,0.894930,0.991516,1.472706,2.094342,3.185952,2.255922,0.808455,2.099257,1.006604,3.360143,2.419431,0.509959,1.567028,1.054784,2.774359,1.785649,1.801520,1.232866,0.891879,2.094312
1.323880,1.468038,1.738540,2.824315,15.785568,2.702774,2.226767,1.359330,2.495501,9.709332,7.879606,1.683773,2.654201,3.900759,9.410913,15.773187,5.832031,4.242908,3.933097,5.113399,26.503012,3.833707,1.256674,0.913549,0.915194,2.069186,0.374769,0.526276,0.106458,0.513892,1.157910,0.738939,0.320662,0.547352,0.378219,0.281927,0.524139,0.274943,0.132014,0.287542,0.593160,0.596967,0.466979,0.550102,0.116647,0.461295,0.362952,0.424503,0.229477,0.696228,0.373297,0.166700,0.238616,0.529876,0.337650,0.827301,0.406913,0.238688,0.401097,0.470964,0.603814,0.832129,0.347785
1.802456,1.510239,1.795332,3.666206,13.158337,7.357120,4.689265,3.947711,1.751689,1.458767,20.526350,4.415016,1.826885,1.154008,5.178242,15.777463,11.231815,7.091031,3.126513,5.701687,10.643642,23.280712,7.608242,1.648890,1.614662,1.568568,1.817672,1.800552,2.432327,1.064169,1.057703,1.172928,0.813498,0.848088,0.805475,0.611576,0.578566,0.850841,0.252136,0.299297,0.202789,0.525455,0.586513,1.153660,0.299875,0.234428,0.787493,0.403235,0.352928,0.838309,0.158386,0.170330,0.995770,0.812845,1.254256,0.555373,0.151459,0.870075,0.116121,0.316076,1.174556,0.746684,0.138768
1.006021,1.352766,1.035043,2.079402,11.503522,6.477878,1.825636,2.163229,3.365806,6.110852,16.561861,7.054432,4.414079,2.850867,2.328634,19.046963,4.644881,2.582857,5.082222,7.136672,26.860508,18.343237,5.042307,3.668847,2.701045,2.371914,1.802467,0.216363,1.299500,0.703078,0.879667,1.327664,0.683945,0.322264,0.495803,0.782499,0.315523,0.744451,0.345449,0.314986,0.143577,0.914534,0.518200,1.067360,0.770113,0.104392,1.104477,0.717344,1.206463,0.487549,0.842869,1.366799,0.296853,1.746825,1.002198,0.805242,1.055223,0.492621,0.836258,1.938822,0.477143,0.497426,1.832506
0.597412,0.891563,0.824236,1.558435,13.987050,7.177633,2.314235,4.406315,4.742878,13.944139,7.867012,5.196325,3.520948,3.545185,10.077959,20.661095,5.852756,5.548409,3.763818,8.057860,32.053986,3.923790,2.299109,1.786174,1.747549,2.978033,1.407543,0.796542,0.336922,0.411942,1.070344,0.942943,0.501885,0.144181,0.458997,0.703640,0.387830,1.646838,0.553117,0.378250,0.409444,1.043285,1.024213,0.336066,0.337656,0.192720,1.484746,0.634429,0.278014,0.350606,0.692417,0.829384,0.193098,0.339114,0.903085,0.780787,0.528774,0.372758,0.831127,1.464250,0.434330,0.397943,1.441744
3.366459,2.294266,3.061236,4.740042,15.437128,4.649885,3.048073,4.634471,5.200762,6.364862,19.659479,4.838926,1.849819,3.255140,3.751702,26.318001,2.268336,2.242320,4.211925,5.639485,23.814636,16.730688,6.923110,4.494557,3.054609,2.289693,3.837885,2.144579,1.710295,1.039790,0.865981,1.272362,1.898791,1.266102,1.109275,0.739823,1.551211,0.661523,1.305288,0.847457,0.246962,0.654834,0.681426,0.655310,1.082363,0.945950,0.955924,1.634100,1.173095,1.416282,0.957207,0.545632,1.443218,1.438708,0.985737,0.472664,0.354417,1.229057,1.334359,0.941777,0.736503,1.148468,1.002832
3.735165,2.647879,4.238151,6.513851,23.121326,9.244307,5.227847,5.793829,5.521460,13.385676,17.185886,8.551718,2.435245,2.152933,4.273680,25.186577,2.681188,1.573436,4.023021,3.561571,31.685551,9.244106,7.173190,4.813780,2.994700,5.608277,2.499136,1.106725,0.764417,1.434210,0.775917,3.941167,1.502949,0.728821,0.293476,1.549610,0.260473,0.534166,0.712172,0.683156,0.596631,1.300812,0.655071,0.823379,0.241880,1.080471,1.125028,1.097756,1.457951,0.266008,0.492374,1.729324,0.973314,1.005518,0.539705,0.364695,0.671515,1.400964,0.665040,1.759283,0.492300,0.843170,1.960935
1.116423,0.673610,1.651321,1.104095,7.747460,10.007988,2.572598,2.255151,3.829587,3.906090,17.390207,2.478417,0.719235,2.721894,4.567121,19.371372,7.321026,1.615963,0.861722,3.765877,6.458649,25.963823,6.846612,4.387218,4.234385,2.950190,1.055489,2.840087,1.963387,2.046739,1.814951,2.260524,0.075511,1.385105,0.435268,1.492920,1.347024,1.165260,0.304263,1.160703,0.437105,0.709934,1.120257,1.005981,0.600119,1.205703,0.466562,0.709868,0.471919,1.148926,0.972479,1.236901,1.297954,0.728220,0.894100,0.538659,1.103302,0.858557,0.929754,0.497784,1.210262,0.622402,1.027726
1.244364,2.108285,1.840674,2.949049,8.586965,3.419806,1.229088,0.875143,0.355345,1.473590,13.766568,3.148377,1.440798,0.895422,2.125013,10.197277,7.576872,3.332701,3.441006,2.838108,5.852150,19.055216,3.372925,1.849168,0.497999,0.493110,1.346464,1.156732,0.413821,0.223510,0.771142,0.546699,1.519667,0.949042,0.046788,0.668642,0.284390,0.579135,0.136006,0.418789,0.488401,0.654888,0.719978,0.202173,0.341046,0.568150,0.507923,0.333064,0.680221,0.055793,0.454430,0.059232,0.594082,0.434496,0.409767,0.249061,0.458851,0.317336,0.311391,0.689791,0.179669,0.596936,0.153939
0.296194,2.262162,1.335313,2.320397,11.176110,2.782211,2.088158,1.083679,2.424092,9.582662,11.749445,9.229952,5.018511,4.558697,8.072805,17.474497,3.512324,3.287790,3.150426,9.394235,32.173615,3.940476,1.231055,1.015068,1.524220,2.491730,0.775891,0.993757,0.493151,0.776524,1.227039,1.169341,0.734863,0.288806,0.283961,0.380785,1.002477,0.489096,0.993752,0.962402,0.131676,0.788559,0.299100,0.565150,0.503943,0.344399,0.815301,0.945940,0.568397,1.359330,0.526526,0.397211,0.927681,0.389829,0.931598,0.820977,1.018866,0.841417,0.277610,1.027199,1.105956,0.889609,0.420049
1.687615,1.907296,1.384726,2.141342,4.540921,12.046629,5.220381,3.828711,3.355942,6.720191,21.297148,12.124658,5.010248,3.638309,2.934989,3.516802,21.565142,7.295135,4.984006,4.035154,5.408290,7.033436,13.310503,4.738846,2.357821,1.671817,1.751767,0.815488,1.484769,0.719372,0.560574,0.247971,0.224297,1.727319,0.443950,0.387778,0.299618,0.666068,0.624626,0.904941,0.958705,0.263472,0.120790,0.570624,0.651587,1.032615,1.256681,0.281903,0.717200,1.352506,1.502751,1.482010,1.251541,0.597302,1.475344,1.870473,2.162298,2.364203,0.452841,1.291826,1.979271,1.648669,2.061299
0.625927,0.121076,1.984444,2.445556,14.705775,4.185490,1.073198,2.452757,3.696968,9.867266,14.860277,10.589069,5.702003,4.225056,7.320827,19.362192,2.951047,2.493092,1.535180,7.287036,34.160648,6.107373,3.357788,2.421486,2.303712,4.530501,1.451945,0.502694,1.049271,0.419760,1.129960,0.709351,0.423642,0.341581,0.287615,0.231080,0.430907,0.120682,0.518060,0.236130,0.511285,0.396011,0.292234,0.275288,0.087200,0.203186,0.515993,0.283698,0.376416,0.190671,0.287756,0.758283,0.944256,0.626205,0.797533,0.398049,0.697967,1.950264,0.561853,1.510099,0.312064,0.486874,1.890689
1.529324,1.780261,1.815556,3.825100,9.945589,12.646279,6.842137,2.969325,1.731871,6.437828,29.124311,13.605298,2.499496,1.262914,2.326387,7.914898,32.665279,9.591464,9.224468,7.247626,11.366299,22.230989,10.338760,3.000978,1.497993,1.298639,1.651125,3.331120,1.124577,0.933608,2.053850,1.996783,2.259953,1.503449,0.060645,1.691514,0.505042,1.268447,1.213044,0.688569,0.861940,0.828613,0.874118,0.546034,1.470100,1.123330,0.842888,1.855499,1.709191,1.371151,1.965984,1.182751,3.037682,1.586956,1.227085,2.206746,1.763873,2.758263,3.753420,2.800685,1.061127,2.718869,2.341434
0.777553,1.988930,1.476519,1.932715,14.746534,4.630396,3.906976,3.254646,4.372741,13.723619,3.392775,2.309725,1.270859,4.346282,11.872638,13.567726,5.151883,1.596220,1.672695,9.536448,34.649250,9.789914,2.528523,1.051375,1.328142,6.194988,3.105863,2.178749,1.398399,1.692908,1.755635,1.978828,1.429191,1.050831,0.822800,1.120827,1.026478,0.754521,1.188888,0.985179,0.834167,0.514441,0.481159,1.002583,1.036826,0.572605,0.755103,0.463190,1.037519,0.865868,0.166539,1.112350,0.609685,1.208917,0.764405,0.452668,1.266248,0.739276,0.865323,0.548177,0.826157,1.256270,0.605852
1.031765,0.787787,0.911915,1.235925,10.176303,7.702083,2.732893,3.361039,3.998722,7.990956,14.792808,6.074499,1.223671,1.159611,1.572003,23.086699,3.611413,2.095383,1.457163,4.885027,17.578098,17.802763,4.989782,3.219699,3.056958,3.470004,2.082305,2.355198,1.195058,1.224486,0.622183,2.029518,1.085171,1.171807,0.873200,0.856135,1.489096,0.786938,1.018330,0.997597,0.707646,1.109587,0.489837,1.115152,0.953149,0.629358,0.294270,1.119135,0.486025,0.567357,0.901322,0.833356,0.803742,0.696115,0.713714,0.766944,0.533433,0.744695,0.872056,0.508014,0.396187,0.880121,1.010756
2.654257,2.944782,3.277710,4.334644,11.761534,4.622059,1.152627,1.476881,3.318054,3.856842,23.266241,3.229109,3.234597,2.562877,4.325068,21.647856,6.001173,1.101662,2.641244,2.545692,16.738138,30.482107,8.215180,5.388484,2.820845,2.064231,3.379662,2.117793,1.857835,2.268811,0.701168,0.854911,3.193816,1.223285,2.305978,0.842793,1.719369,2.369351,1.156879,1.636212,0.820703,1.408020,1.435473,0.786068,1.035298,0.692736,0.469472,0.491523,1.547837,0.904932,1.117438,0.807544,1.132756,1.211431,0.973154,0.899271,0.848100,0.363291,0.658599,1.426360,1.347468,1.193944,1.664985
1.874570,2.206570,2.251372,3.371100,11.961167,4.207121,2.161790,2.655212,1.808446,7.467610,6.787483,1.800379,2.629978,2.401699,7.188455,12.954942,5.130473,2.344493,1.032074,1.798051,22.073179,5.166022,2.147886,1.955995,0.837724,3.109264,0.256865,0.322802,1.078577,0.887223,1.079359,1.415207,0.519480,0.480695,0.571880,0.546214,0.451784,0.377121,0.304140,0.546904,0.569670,0.507908,0.573746,0.147548,0.075361,0.710446,0.468680,0.172058,0.581761,0.432727,0.452273,0.581071,0.137352,0.073412,0.194309,0.353492,0.235433,0.732485,0.511871,0.028415,0.380708,0.447579,0.180125
0.264291,0.861926,1.139890,2.108475,9.893179,6.936796,3.956897,4.674397,1.943387,2.849324,18.683571,6.511880,3.611090,5.756058,5.506584,23.151428,6.461145,5.765045,5.790618,8.822998,23.154566,25.924129,7.321217,5.051439,2.860975,0.851562,3.781105,1.241429,1.306957,1.601043,1.174333,2.169051,1.617431,0.403273,0.408208,0.240259,0.416739,0.378650,0.487758,0.306020,0.225695,0.352418,0.358529,0.278383,0.137812,0.739318,0.364420,0.069780,0.672784,0.341665,0.926139,0.499434,0.831417,0.805063,0.199047,1.167582,1.124366,0.894701,0.539358,0.957558,0.889929,1.818458,0.507295
0.549526,1.525111,2.303728,3.083416,12.319371,5.572678,1.345409,1.168746,2.235609,9.008321,15.442273,8.622148,5.366581,3.796137,4.076833,22.174576,2.141800,1.464135,3.147113,9.258678,27.937048,10.958444,3.903937,2.431772,3.019867,2.855028,2.656290,1.326410,0.712168,0.903592,0.527714,1.320605,0.791385,1.009674,0.167193,0.453232,1.298550,0.205036,0.601762,0.183276,0.482656,0.231966,0.870337,0.660919,0.862600,0.915537,0.752684,0.438822,0.565397,1.639435,0.879424,1.009736,0.616736,1.122825,1.876717,0.057331,1.791343,1.080632,1.018316,1.430920,1.670205,3.102700,1.412985
1.810019,0.699539,2.136335,4.502361,8.894197,11.219646,3.639750,2.952821,2.068400,0.906427,28.106659,8.809149,4.954298,3.268115,5.354299,17.877560,20.248713,9.874904,3.974310,4.263594,5.910363,28.017347,4.128282,4.905993,2.705880,3.405733,4.080549,1.682286,2.345806,1.365390,0.515889,1.831733,0.892688,1.100399,1.816636,2.625088,0.285786,2.425928,0.772706,0.199249,1.146726,0.556841,0.515194,1.279871,1.069985,0.621256,1.547446,0.638869,0.870898,1.524264,1.229716,1.609286,1.999385,1.166345,1.357686,0.244382,0.823822,3.554611,2.795257,0.394057,2.148003,1.208615,1.507548
1.320850,2.724007,1.017749,3.244424,15.343590,7.081405,2.984572,3.707905,4.612014,11.938384,13.885806,7.519537,5.266048,3.962404,6.915899,25.025471,1.795828,3.522127,0.389658,3.871645,37.625610,7.025472,4.446718,3.434876,3.086924,5.962072,0.633703,1.169687,1.891834,0.178700,0.539472,2.687786,1.256383,1.448424,1.551970,0.943292,0.972970,0.799225,1.012879,0.358651,0.781998,0.784611,1.143043,1.057337,0.803105,0.668782,0.593445,0.952292,0.915316,1.138158,1.408671,0.838935,0.571365,0.666451,2.064316,0.638002,1.803400,0.227040,0.576455,1.152164,0.953100,0.450347,1.932744
1.781367,2.039845,3.184526,5.578612,14.390178,10.212175,3.611004,3.116090,3.824350,5.570128,27.203960,9.548815,4.489236,6.164702,6.450881,15.209505,18.923357,5.607139,2.700408,0.995466,7.390551,25.917397,6.797904,4.104024,2.785397,1.983785,0.180880,2.573849,2.544637,2.040740,0.999108,1.153341,2.571881,0.621951,0.750500,1.572188,1.205294,2.112193,0.275493,0.971675,1.555495,1.199355,0.598143,0.631484,0.975160,0.471728,0.856440,0.651169,1.311932,1.343063,0.803452,1.796517,0.674735,1.063240,1.164359,1.233422,0.498830,1.609389,1.409997,1.597272,1.836394,1.308036,2.341450
2.466619,1.864444,3.116481,3.858792,8.278419,6.563015,2.488512,1.556682,0.678736,1.107896,19.746675,4.927610,2.532988,3.031064,5.910219,13.780297,11.769468,5.084552,1.295474,2.993208,1.616660,25.581514,2.409675,0.963181,1.034526,1.266510,2.647682,1.808015,0.434123,1.218556,0.730925,0.689860,2.161546,0.223455,0.434046,0.071121,0.122124,0.418607,0.467536,0.353874,0.234355,0.275225,0.667892,0.825988,0.639667,0.355165,0.288654,0.866409,0.593420,0.142956,0.677161,0.673899,0.499903,1.217141,0.968071,0.772187,0.674096,0.936335,1.614889,1.540527,0.132910,0.402802,1.658704
3.450848,2.072559,2.443709,4.231603,8.298086,11.595596,2.585896,0.349219,2.877174,3.797817,23.946650,13.834395,4.673924,1.960700,2.166326,3.041830,30.624670,7.858682,3.276954,4.169448,3.793902,11.096044,14.434506,5.053443,2.420932,1.751725,1.571875,2.732602,2.537914,1.068500,0.679401,0.518680,0.400832,1.849406,1.051263,0.756132,0.368019,0.541139,0.778693,0.538620,1.091302,0.163000,0.520970,0.981237,0.455897,1.639573,0.974739,0.939941,0.732345,1.304489,0.854301,1.140218,0.388201,0.794579,0.723173,1.207253,1.660046,1.632725,1.546544,1.312079,1.844461,0.624003,1.866673
0.778964,1.148847,3.129683,3.255728,9.614415,11.909486,7.941860,5.775201,4.759290,6.009074,27.722689,8.849700,3.504270,4.336717,3.656657,13.757557,22.066145,6.646563,3.554482,1.944010,0.653605,22.170565,6.938941,3.984036,2.435215,1.611584,0.541767,3.089777,2.631168,1.216912,0.945224,0.725346,1.688543,0.623479,0.344539,0.362680,0.194726,0.639921,0.385002,0.139695,0.043953,0.468480,0.872177,0.830640,0.350711,0.258907,0.626934,0.688360,0.489343,1.245591,0.417854,0.176237,0.930974,0.752788,0.827393,0.089108,0.010648,0.912560,0.734914,0.540893,0.483104,0.499437,0.721048
3.942470,4.341822,5.251651,6.531160,15.095835,8.518932,4.466949,0.898093,4.415112,3.534331,30.927689,3.670652,3.495104,2.907634,6.629001,27.207666,10.703417,6.192486,1.539724,1.730358,8.552571,28.351913,7.507314,3.473855,2.324983,1.845383,2.554571,0.875016,2.372981,1.032801,2.176282,1.469247,1.282043,1.913126,0.441107,1.142394,0.518821,0.203618,1.407024,1.092361,1.164595,0.818319,0.239534,1.386882,0.723251,1.040066,0.523491,0.536062,0.440499,1.739802,0.904947,1.063779,0.371690,0.960740,1.382130,1.931554,1.947571,1.163307,1.443786,1.459422,3.850542,1.516087,2.190114
1.232601,2.302023,4.513537,2.698956,6.906077,18.087753,6.980710,3.069564,4.418418,6.117895,17.931849,14.518378,4.961597,2.399676,2.682524,4.457623,27.276827,10.232105,9.252296,4.234012,7.100546,8.803293,15.679692,4.557825,3.344511,2.336280,2.626310,3.326184,2.088541,0.677023,0.865889,1.327948,1.474232,2.236786,0.447273,0.781778,0.887535,1.122973,0.701457,0.839461,1.349702,1.160816,0.566071,0.494761,0.749730,0.263016,1.416578,1.380314,0.337313,0.794236,0.433503,0.303870,1.101091,1.317083,0.472905,1.072168,0.697389,0.596576,1.057167,2.120866,0.935381,1.816765,0.595577
0.443773,2.342883,1.595926,2.694861,8.057425,10.726085,4.464338,3.856797,3.339670,4.699708,36.781013,7.152878,2.089623,0.950927,3.705914,12.760368,30.663822,9.559617,4.069728,4.607244,7.237647,25.650932,5.296572,2.579780,1.860615,1.596897,1.553091,3.558180,0.539532,1.001902,0.699439,0.808205,1.554591,2.713145,1.852712,1.140823,0.774442,1.537175,2.361534,1.481485,0.911909,0.840116,1.005644,0.855250,1.087603,0.570589,0.520755,0.910652,0.167038,0.326107,0.734027,0.930025,0.572191,0.628454,1.535713,2.351274,1.119059,0.599317,1.013281,1.044696,3.024635,0.735063,1.467203
4.394750,4.973594,4.690707,6.578255,16.972984,18.341564,13.043526,6.222008,9.350635,8.828669,44.837345,9.776392,3.428122,0.195481,4.764107,21.889364,38.525425,9.274035,8.589767,7.967453,10.277560,47.251572,13.387825,6.931239,3.628177,3.702164,1.533786,4.669709,2.954712,2.233765,3.426376,1.056284,1.619640,1.144998,0.897813,2.236552,1.942009,4.299938,1.511405,0.930663,3.901391,1.702469,3.490899,2.202092,1.211456,2.175826,1.622379,3.258546,3.787672,1.772375,0.544218,2.364403,3.565886,1.817544,4.759072,0.779834,2.137441,4.553369,5.762673,3.840714,3.038649,2.398007,6.359366
1.564023,6.264860,5.300463,6.263889,25.236959,53.343018,17.025742,11.730979,12.147773,18.280712,64.282867,20.459234,10.842375,5.185443,2.230302,10.508904,85.912910,13.203848,6.096288,3.454262,6.258394,19.409595,24.457014,12.562711,7.107017,6.612207,4.589787,10.008152,3.380757,2.476504,2.103264,1.737565,2.561428,3.889747,2.566447,1.131799,0.852360,2.734323,2.009566,2.716858,2.640750,2.288935,1.763959,2.466266,3.718477,1.509517,1.631946,1.263804,1.143271,1.441069,2.742181,1.617989,1.152029,1.771587,1.889693,0.248904,3.079918,2.042605,1.704722,2.611441,1.869957,4.727574,1.955004
2.590333,6.106629,5.664406,3.421648,26.876715,41.896812,20.593887,20.049030,17.263510,13.944545,71.858261,13.209212,4.030323,9.534008,14.018339,30.969856,71.540176,6.477832,6.768673,6.273657,10.677422,40.271507,9.913834,4.712208,2.702858,3.119284,3.833211,11.089582,4.563673,2.462204,3.092680,3.525090,3.838361,3.369414,1.217099,2.186522,2.011954,2.016460,2.046839,2.030971,1.874252,1.660253,1.775621,0.421649,3.886414,1.134993,1.094803,0.472078,0.605227,2.707657,2.019599,1.176075,1.332437,1.441913,2.725647,4.166342,4.032922,0.795739,0.541898,3.376602,2.196601,4.390759,2.357145
2.403213,5.165475,4.581547,8.106325,22.159924,19.228571,5.854543,3.187937,8.512486,6.638716,46.070057,3.912042,5.293648,1.259575,8.637764,35.781044,17.306269,7.399188,1.436310,6.670435,16.735168,41.620144,10.370390,2.537614,4.699643,3.289673,3.732712,3.368212,4.309832,1.890034,3.616716,1.271476,1.537494,2.757536,0.793656,1.173246,1.765926,1.769332,0.312016,1.638940,1.247311,2.780271,1.545243,1.549950,1.249358,0.313745,0.076873,2.030316,1.788169,2.082484,1.331861,0.628901,2.365563,1.107086,2.005998,2.499437,1.318704,2.078124,1.453321,1.049905,3.806524,1.797724,0.725707
2.246004,2.652093,3.428069,6.004523,13.329298,7.598737,1.449006,2.974074,3.804023,5.597148,29.072519,6.472482,0.802818,3.631550,4.638570,23.488842,8.223155,5.337201,0.582434,1.323081,10.055003,26.940708,8.879058,4.879503,3.605712,3.779413,2.183387,1.750689,2.858582,1.191754,2.500827,2.712823,1.365587,2.562728,0.690073,1.543365,2.206657,1.008963,0.714131,1.114399,1.036944,1.361676,1.244241,1.214226,0.832809,1.150725,0.333702,1.254919,1.489017,2.084195,0.901019,1.965891,0.700155,2.766239,2.310199,0.887962,1.168608,1.776736,2.712780,1.005794,2.041925,1.352938,2.319395
0.387993,1.147816,1.143149,1.894076,9.249965,4.835939,1.032309,0.745960,1.148333,4.034918,11.191107,4.664819,2.724156,2.872691,2.897906,13.817189,1.864932,2.349548,2.796090,4.445705,25.658354,11.400354,4.867869,3.281136,1.687264,2.513880,1.102334,1.003512,0.525698,0.475089,0.712739,2.649409,0.913237,0.578123,0.074367,0.308461,1.162471,0.816593,0.103724,0.206621,0.231888,0.503462,0.453325,0.131313,0.376983,0.494285,0.613434,0.476200,0.537519,0.475837,0.235818,0.564860,0.287995,0.599748,0.046141,0.265964,0.381024,0.619373,0.318141,0.565391,0.312413,0.330201,0.552123
1.653529,0.532441,3.746583,4.133217,11.828986,11.557545,3.274511,5.828437,3.186073,0.734524,23.752148,8.137644,4.970007,4.294978,6.632457,16.370184,18.899639,7.385819,2.772373,3.693828,6.038785,24.435968,5.979203,2.378588,3.112846,1.433697,2.704343,1.295146,0.674322,0.624448,1.019751,1.226893,1.074051,0.785873,0.513952,1.753402,0.212163,1.098508,0.518251,1.037102,0.675780,1.170071,0.561804,1.159043,1.289044,0.716006,2.139495,0.405981,1.113160,0.801564,1.322499,0.955289,0.778958,0.642567,0.816362,0.744145,0.945365,1.512738,1.426278,1.569647,0.822667,1.815787,0.568366
4.132056,2.584608,7.436565,8.153015,20.001030,15.926661,6.665581,6.973481,2.440157,3.992178,38.113392,6.069406,0.882661,5.568026,6.413682,19.580034,25.824770,8.367179,6.505018,7.928799,16.559166,39.406384,10.672492,4.025867,2.296855,0.418919,4.529802,4.124045,3.435668,3.006153,1.185259,0.959903,2.280426,0.331627,1.241831,2.735758,0.781212,1.698239,1.487372,0.435118,0.556797,1.547274,1.010931,1.618304,1.675091,1.077230,1.518426,1.692848,0.541359,1.680978,0.646304,2.130195,2.060559,1.323031,1.639555,2.244788,1.213880,1.661538,2.762295,1.209884,0.670082,2.207426,2.926439
